Top_Displacement_mm,Base_Shear_kN
0.0632893,4.17804
0.126579,8.35438
0.189868,12.529
0.253157,16.7019
0.316447,20.8731
0.379736,25.0425
0.443025,29.2102
0.506315,33.3762
0.569604,37.5403
0.632893,41.7027
0.696183,45.8633
0.759472,50.0221
0.822761,54.1791
0.886051,58.3343
0.94934,62.4876
1.01263,66.6391
1.07592,70.7888
1.13921,74.9366
1.2025,79.0826
1.26579,83.2266
1.32908,87.3688
1.39237,91.5091
1.45565,95.6475
1.51894,99.784
1.58223,103.919
1.64552,108.051
1.70881,112.182
1.7721,116.311
1.83539,120.438
1.89868,124.562
1.96197,128.685
2.02526,132.806
2.08855,136.925
2.15184,141.042
2.21513,145.157
2.27842,149.27
2.34171,153.381
2.40499,157.49
2.46828,161.596
2.53157,165.701
2.59486,169.804
2.65815,173.904
2.72144,178.003
2.78473,182.099
2.84802,186.194
2.91131,190.286
2.9746,194.376
3.03789,198.464
3.10118,202.55
3.16447,206.634
3.22776,210.716
3.29105,214.795
3.35433,218.873
3.41762,222.948
3.48091,227.021
3.5442,231.092
3.60749,235.16
3.67078,239.227
3.73407,243.291
3.79736,247.345
3.86065,251.376
3.92394,255.393
3.98723,259.411
4.05052,263.427
4.11381,267.443
4.1771,271.46
4.24039,275.475
4.30367,279.488
4.36696,283.502
4.43025,287.515
4.49354,291.522
4.55683,295.516
4.62012,299.5
4.68341,303.48
4.7467,307.444
4.80999,311.377
4.87328,315.284
4.93657,319.163
4.99986,323.014
5.06315,326.834
5.12644,330.621
5.18973,334.374
5.25301,338.094
5.3163,341.782
5.37959,345.44
5.44288,349.071
5.50617,352.674
5.56946,356.249
5.63275,359.788
5.69604,363.284
5.75933,366.733
5.82262,370.142
5.88591,373.51
5.9492,376.837
6.01249,380.122
6.07578,383.366
6.13907,386.571
6.20235,389.734
6.26564,392.855
6.32893,395.94
6.39222,398.985
6.45551,401.992
6.5188,404.961
6.58209,407.889
6.64538,410.775
6.70867,413.618
6.77196,416.426
6.83525,419.194
6.89854,421.92
6.96183,424.61
7.02512,427.27
7.08841,429.895
7.15169,432.483
7.21498,435.038
7.27827,437.562
7.34156,440.049
7.40485,442.506
7.46814,444.906
7.53143,447.233
7.59472,449.566
7.65801,451.881
7.7213,454.14
7.78459,456.395
7.84788,458.631
7.91117,460.843
7.97446,463.036
8.03775,465.199
8.10103,467.32
8.16432,469.439
8.22761,471.532
8.2909,473.617
8.35419,475.674
8.41748,477.712
8.48077,479.729
8.54406,481.726
8.60735,483.71
8.67064,485.675
8.73393,487.612
8.79722,489.522
8.86051,491.42
8.9238,493.255
8.98709,495.102
9.05037,496.944
9.11366,498.732
9.17695,500.539
9.24024,502.336
9.30353,504.148
9.36682,505.92
9.43011,507.681
9.4934,509.401
9.55669,511.137
9.49946,508.72
9.44223,506.309
9.385,503.891
9.32776,501.482
9.27053,499.066
9.2133,496.655
9.15607,494.242
9.09884,491.832
9.04161,489.42
8.98438,487.011
8.92714,484.6
8.86991,482.194
8.81268,479.784
8.75545,477.377
8.69822,474.969
8.64099,472.563
8.58376,470.153
8.52653,467.748
8.46929,465.336
8.41206,462.928
8.35483,460.513
8.2976,458.098
8.24037,455.678
8.18314,453.253
8.12591,450.823
8.06867,448.388
8.01144,445.946
7.95421,443.497
7.89698,441.043
7.83975,438.576
7.78252,436.106
7.72529,433.623
7.66806,431.132
7.61082,428.629
7.55359,426.12
7.49636,423.595
7.43913,421.06
7.3819,418.513
7.32467,415.955
7.26744,413.38
7.2102,410.793
7.15297,408.193
7.09574,405.576
7.03851,402.946
6.98128,400.294
6.92405,397.63
6.86682,394.947
6.80959,392.246
6.75235,389.53
6.69512,386.791
6.63789,384.037
6.58066,381.266
6.52343,378.471
6.4662,375.658
6.40897,372.827
6.35173,369.975
6.2945,367.103
6.23727,364.212
6.18004,361.299
6.12281,358.365
6.06558,355.411
6.00835,352.432
5.95112,349.431
5.89388,346.409
5.83665,343.365
5.77942,340.296
5.72219,337.203
5.66496,334.086
5.60773,330.947
5.5505,327.783
5.49326,324.591
5.43603,321.375
5.3788,318.132
5.32157,314.862
5.26434,311.564
5.20711,308.24
5.14988,304.892
5.09265,301.521
5.03541,298.125
4.97818,294.706
4.92095,291.263
4.86372,287.795
4.80649,284.304
4.74926,280.788
4.69203,277.249
4.63479,273.687
4.57756,270.102
4.52033,266.501
4.4631,262.886
4.40587,259.255
4.34864,255.609
4.29141,251.947
4.23418,248.27
4.17694,244.578
4.11971,240.869
4.06248,237.144
4.00525,233.403
3.94802,229.645
3.89079,225.872
3.83356,222.082
3.77632,218.275
3.71909,214.452
3.66186,210.612
3.60463,206.759
3.5474,202.891
3.49017,199.019
3.43294,195.147
3.37571,191.275
3.31847,187.402
3.26124,183.53
3.20401,179.658
3.14678,175.786
3.08955,171.914
3.03232,168.041
2.97509,164.169
2.91785,160.297
2.86062,156.425
2.80339,152.553
2.74616,148.681
2.68893,144.808
2.6317,140.936
2.57447,137.064
2.51724,133.192
2.46,129.32
2.40277,125.448
2.34554,121.576
2.28831,117.704
2.23108,113.832
2.17385,109.96
2.11662,106.089
2.05938,102.217
2.00215,98.3449
1.94492,94.4732
1.88769,90.6015
1.83046,86.7298
1.77323,82.8583
1.716,78.9867
1.65877,75.1153
1.60153,71.244
1.5443,67.3727
1.48707,63.5016
1.42984,59.6306
1.37261,55.7597
1.31538,51.889
1.25815,48.0186
1.20091,44.1483
1.14368,40.2783
1.08645,36.4086
1.02922,32.5393
0.971989,28.6704
0.914758,24.8021
0.857527,20.9344
0.800295,17.0676
0.743064,13.2018
0.685833,9.33728
0.628601,5.47452
0.57137,1.61409
0.514139,-2.24311
0.456907,-6.0959
0.399676,-9.94239
0.342445,-13.7793
0.285213,-17.605
0.227982,-21.4181
0.170751,-25.221
0.113519,-29.0158
0.056288,-32.8057
-0.000943333,-36.5916
-0.0581747,-40.3721
-0.115406,-44.1444
-0.172637,-47.9072
-0.229869,-51.6678
-0.2871,-55.427
-0.344331,-59.1848
-0.401563,-62.9411
-0.458794,-66.6959
-0.516025,-70.4493
-0.573257,-74.2012
-0.630488,-77.9516
-0.687719,-81.7005
-0.744951,-85.448
-0.802182,-89.1939
-0.859413,-92.9384
-0.916645,-96.6813
-0.973876,-100.423
-1.03111,-104.163
-1.08834,-107.901
-1.14557,-111.638
-1.2028,-115.373
-1.26003,-119.107
-1.31726,-122.839
-1.3745,-126.569
-1.43173,-130.298
-1.48896,-134.026
-1.54619,-137.752
-1.60342,-141.476
-1.66065,-145.199
-1.71788,-148.92
-1.77511,-152.639
-1.83235,-156.357
-1.88958,-160.073
-1.94681,-163.787
-2.00404,-167.5
-2.06127,-171.212
-2.1185,-174.921
-2.17573,-178.626
-2.23297,-182.315
-2.2902,-185.994
-2.34743,-189.669
-2.40466,-193.33
-2.46189,-196.974
-2.51912,-200.6
-2.57635,-204.211
-2.63358,-207.805
-2.69082,-211.382
-2.74805,-214.943
-2.80528,-218.486
-2.86251,-222.012
-2.91974,-225.522
-2.97697,-229.012
-3.0342,-232.477
-3.09144,-235.92
-3.14867,-239.344
-3.2059,-242.749
-3.26313,-246.136
-3.32036,-249.498
-3.37759,-252.841
-3.43482,-256.165
-3.49205,-259.466
-3.54929,-262.748
-3.60652,-266.01
-3.66375,-269.251
-3.72098,-272.47
-3.77821,-275.667
-3.83544,-278.841
-3.89267,-281.994
-3.94991,-285.129
-4.00714,-288.246
-4.06437,-291.34
-4.1216,-294.416
-4.17883,-297.475
-4.23606,-300.5
-4.29329,-303.508
-4.35052,-306.539
-4.40776,-309.589
-4.46499,-312.665
-4.52222,-315.753
-4.57945,-318.858
-4.63668,-321.97
-4.69391,-325.09
-4.75114,-328.214
-4.80838,-331.341
-4.86561,-334.471
-4.92284,-337.582
-4.98007,-340.659
-5.0373,-343.701
-5.09453,-346.736
-5.15176,-349.759
-5.20899,-352.766
-5.26623,-355.757
-5.32346,-358.73
-5.38069,-361.689
-5.43792,-364.622
-5.49515,-367.537
-5.55238,-370.428
-5.60961,-373.306
-5.66685,-376.157
-5.72408,-378.994
-5.78131,-381.8
-5.83854,-384.595
-5.89577,-387.352
-5.953,-390.081
-6.01023,-392.779
-6.06746,-395.448
-6.1247,-398.087
-6.18193,-400.697
-6.23916,-403.279
-6.29639,-405.829
-6.35362,-408.354
-6.41085,-410.847
-6.46808,-413.314
-6.52532,-415.75
-6.58255,-418.164
-6.63978,-420.546
-6.69701,-422.906
-6.75424,-425.234
-6.81147,-427.542
-6.8687,-429.826
-6.92593,-432.085
-6.98317,-434.315
-7.0404,-436.52
-7.09763,-438.7
-7.15486,-440.851
-7.21209,-442.984
-7.26932,-445.085
-7.32655,-447.162
-7.38379,-449.223
-7.44102,-451.188
-7.49825,-453.163
-7.55548,-455.123
-7.61271,-457.071
-7.66994,-458.966
-7.72717,-460.867
-7.7844,-462.759
-7.84164,-464.636
-7.89887,-466.494
-7.9561,-468.341
-8.01333,-470.176
-8.07056,-471.987
-8.12779,-473.794
-8.18502,-475.575
-8.24226,-477.35
-8.29949,-479.107
-8.35672,-480.852
-8.41395,-482.589
-8.47118,-484.309
-8.52841,-486.023
-8.58564,-487.74
-8.5163,-484.558
-8.44695,-481.384
-8.3776,-478.209
-8.30826,-475.042
-8.23891,-471.884
-8.16956,-468.725
-8.10022,-465.576
-8.03087,-462.437
-7.96152,-459.301
-7.89218,-456.176
-7.82283,-453.055
-7.75348,-449.947
-7.68414,-446.85
-7.61479,-443.755
-7.54544,-440.67
-7.4761,-437.584
-7.40675,-434.504
-7.3374,-431.42
-7.26806,-428.342
-7.19871,-425.256
-7.12936,-422.171
-7.06002,-419.083
-6.99067,-415.988
-6.92132,-412.89
-6.85198,-409.788
-6.78263,-406.673
-6.71328,-403.551
-6.64394,-400.42
-6.57459,-397.281
-6.50524,-394.124
-6.4359,-390.961
-6.36655,-387.779
-6.2972,-384.589
-6.22786,-381.376
-6.15851,-378.152
-6.08916,-374.911
-6.01982,-371.655
-5.95047,-368.382
-5.88112,-365.086
-5.81178,-361.768
-5.74243,-358.417
-5.67308,-355.039
-5.60374,-351.636
-5.53439,-348.206
-5.46504,-344.759
-5.3957,-341.286
-5.32635,-337.79
-5.257,-334.274
-5.18766,-330.729
-5.11831,-327.162
-5.04896,-323.572
-4.97962,-319.951
-4.91027,-316.307
-4.84092,-312.637
-4.77158,-308.937
-4.70223,-305.212
-4.63288,-301.462
-4.56354,-297.68
-4.49419,-293.873
-4.42484,-290.04
-4.3555,-286.177
-4.28615,-282.285
-4.2168,-278.355
-4.14746,-274.39
-4.07811,-270.39
-4.00876,-266.364
-3.93942,-262.314
-3.87007,-258.235
-3.80072,-254.128
-3.73138,-249.992
-3.66203,-245.83
-3.59268,-241.642
-3.52334,-237.426
-3.45399,-233.183
-3.38464,-228.914
-3.3153,-224.626
-3.24595,-220.32
-3.1766,-215.992
-3.10726,-211.634
-3.03791,-207.25
-2.96856,-202.847
-2.89922,-198.424
-2.82987,-193.981
-2.76052,-189.517
-2.69118,-185.032
-2.62183,-180.527
-2.55248,-176.001
-2.48314,-171.453
-2.41379,-166.886
-2.34444,-162.297
-2.2751,-157.686
-2.20575,-153.056
-2.1364,-148.406
-2.06706,-143.749
-1.99771,-139.081
-1.92836,-134.395
-1.85902,-129.708
-1.78967,-125.021
-1.72032,-120.334
-1.65098,-115.647
-1.58163,-110.96
-1.51228,-106.273
-1.44294,-101.586
-1.37359,-96.8987
-1.30424,-92.2117
-1.2349,-87.5248
-1.16555,-82.8378
-1.0962,-78.1508
-1.02686,-73.4638
-0.95751,-68.7768
-0.888163,-64.0899
-0.818817,-59.4029
-0.74947,-54.7159
-0.680123,-50.029
-0.610777,-45.342
-0.54143,-40.655
-0.472083,-35.968
-0.402737,-31.2811
-0.33339,-26.5941
-0.264043,-21.9072
-0.194697,-17.2202
-0.12535,-12.5333
-0.0560033,-7.84633
0.0133433,-3.15937
0.08269,1.52758
0.152037,6.21451
0.221383,10.9015
0.29073,15.5884
0.360077,20.2753
0.429423,24.9622
0.49877,29.6492
0.568117,34.3361
0.637463,39.023
0.70681,43.7099
0.776157,48.3968
0.845503,53.0837
0.91485,57.7706
0.984197,62.4575
1.05354,67.1443
1.12289,71.8312
1.19224,76.5181
1.26158,81.2049
1.33093,85.8918
1.40028,90.5786
1.46962,95.2654
1.53897,99.9523
1.60832,104.639
1.67766,109.326
1.74701,114.013
1.81636,118.699
1.8857,123.386
1.95505,128.073
2.0244,132.76
2.09374,137.446
2.16309,142.126
2.23244,146.786
2.30178,151.438
2.37113,156.075
2.44048,160.689
2.50982,165.281
2.57917,169.851
2.64852,174.399
2.71786,178.926
2.78721,183.43
2.85656,187.912
2.9259,192.374
2.99525,196.818
3.0646,201.245
3.13394,205.655
3.20329,210.048
3.27264,214.423
3.34198,218.768
3.41133,223.089
3.48068,227.391
3.55002,231.675
3.61937,235.94
3.68872,240.188
3.75806,244.41
3.82741,248.607
3.89676,252.779
3.9661,256.925
4.03545,261.044
4.1048,265.132
4.17414,269.189
4.24349,273.219
4.31284,277.222
4.38218,281.187
4.45153,285.117
4.52088,289.009
4.59022,292.874
4.65957,296.706
4.72892,300.511
4.79826,304.288
4.86761,308.037
4.93696,311.754
5.0063,315.445
5.07565,319.111
5.145,322.745
5.21434,326.352
5.28369,329.934
5.35304,333.487
5.42238,337.012
5.49173,340.512
5.56108,343.984
5.63042,347.43
5.69977,350.852
5.76912,354.245
5.83846,357.615
5.90781,360.96
5.97716,364.264
6.0465,367.537
6.11585,370.785
6.1852,374.01
6.25454,377.218
6.32389,380.399
6.39324,383.561
6.46258,386.699
6.53193,389.817
6.60128,392.915
6.67062,395.992
6.73997,399.049
6.80932,402.084
6.87866,405.105
6.94801,408.104
7.01736,411.088
7.0867,414.05
7.15605,417.001
7.2254,419.934
7.29474,422.852
7.36409,425.754
7.43344,428.646
7.50278,431.521
7.57213,434.385
7.64148,437.234
7.71082,440.076
7.78017,442.898
7.84952,445.718
7.91886,448.526
7.98821,451.333
8.05756,454.133
8.1269,456.933
8.19625,459.728
8.2656,462.524
8.33494,465.322
8.40429,468.114
8.47364,470.914
8.54298,473.713
8.61233,476.521
8.68168,479.331
8.75102,482.146
8.82037,484.967
8.88972,487.792
8.95906,490.619
9.02841,493.454
9.09776,496.288
9.1671,499.127
9.23645,501.97
9.3058,504.815
9.37514,507.653
9.44449,510.493
9.51384,513.057
9.58318,515.09
9.65253,516.978
9.72188,518.846
9.79122,520.717
9.86057,522.563
9.92992,524.392
9.99926,526.169
10.0686,527.942
10.138,529.695
10.2073,531.471
10.2766,533.197
10.346,534.913
10.4153,536.658
10.3494,534.174
10.2835,531.69
10.2176,529.216
10.1517,526.735
10.0858,524.264
10.0199,521.789
9.954,519.319
9.8881,516.855
9.82219,514.388
9.75628,511.924
9.69038,509.465
9.62447,507.004
9.55857,504.549
9.49266,502.094
9.42675,499.638
9.36085,497.195
9.29494,494.741
9.22904,492.295
9.16313,489.845
9.09722,487.393
9.03132,484.939
8.96541,482.484
8.89951,480.024
8.8336,477.562
8.76769,475.092
8.70179,472.62
8.63588,470.142
8.56998,467.655
8.50407,465.17
8.43816,462.667
8.37226,460.165
8.30635,457.65
8.24045,455.127
8.17454,452.601
8.10863,450.056
8.04273,447.509
7.97682,444.948
7.91092,442.376
7.84501,439.796
7.7791,437.194
7.7132,434.583
7.64729,431.954
7.58139,429.31
7.51548,426.646
7.44957,423.975
7.38367,421.279
7.31776,418.572
7.25186,415.848
7.18595,413.106
7.12004,410.346
7.05414,407.57
6.98823,404.776
6.92233,401.962
6.85642,399.129
6.79051,396.28
6.72461,393.408
6.6587,390.518
6.5928,387.606
6.52689,384.679
6.46098,381.725
6.39508,378.753
6.32917,375.756
6.26327,372.745
6.19736,369.709
6.13145,366.652
6.06555,363.574
5.99964,360.469
5.93374,357.337
5.86783,354.165
5.80192,350.974
5.73602,347.759
5.67011,344.522
5.60421,341.263
5.5383,337.978
5.47239,334.671
5.40649,331.338
5.34058,327.981
5.27468,324.604
5.20877,321.197
5.14286,317.768
5.07696,314.317
5.01105,310.837
4.94515,307.334
4.87924,303.807
4.81333,300.251
4.74743,296.671
4.68152,293.068
4.61562,289.435
4.54971,285.778
4.4838,282.097
4.4179,278.385
4.35199,274.639
4.28609,270.861
4.22018,267.051
4.15427,263.218
4.08837,259.361
4.02246,255.477
3.95656,251.563
3.89065,247.626
3.82474,243.667
3.75884,239.686
3.69293,235.682
3.62703,231.655
3.56112,227.611
3.49521,223.552
3.42931,219.476
3.3634,215.384
3.2975,211.272
3.23159,207.133
3.16568,202.974
3.09978,198.799
3.03387,194.609
2.96797,190.404
2.90206,186.184
2.83615,181.947
2.77025,177.691
2.70434,173.416
2.63844,169.121
2.57253,164.805
2.50662,160.471
2.44072,156.117
2.37481,151.742
2.30891,147.348
2.243,142.936
2.17709,138.516
2.11119,134.085
2.04528,129.637
1.97938,125.188
1.91347,120.74
1.84756,116.292
1.78166,111.843
1.71575,107.395
1.64985,102.946
1.58394,98.498
1.51803,94.0496
1.45213,89.6012
1.38622,85.1527
1.32032,80.7043
1.25441,76.2559
1.1885,71.8075
1.1226,67.3591
1.05669,62.9107
0.990785,58.4623
0.924879,54.0139
0.858973,49.5655
0.793067,45.117
0.727161,40.6686
0.661255,36.2202
0.595349,31.7718
0.529443,27.3234
0.463537,22.875
0.397631,18.4266
0.331725,13.9782
0.265819,9.52975
0.199913,5.08134
0.134007,0.632929
0.0681013,-3.81548
0.00219533,-8.26389
-0.0637107,-12.7123
-0.129617,-17.1607
-0.195523,-21.6091
-0.261429,-26.0575
-0.327335,-30.5059
-0.393241,-34.9544
-0.459147,-39.4028
-0.525053,-43.8512
-0.590959,-48.2996
-0.656865,-52.748
-0.722771,-57.1964
-0.788677,-61.6448
-0.854583,-66.0932
-0.920489,-70.5416
-0.986395,-74.99
-1.0523,-79.4384
-1.11821,-83.8868
-1.18411,-88.3352
-1.25002,-92.7836
-1.31592,-97.232
-1.38183,-101.68
-1.44774,-106.129
-1.51364,-110.577
-1.57955,-115.026
-1.64545,-119.474
-1.71136,-123.922
-1.77727,-128.371
-1.84317,-132.817
-1.90908,-137.247
-1.97498,-141.667
-2.04089,-146.083
-2.1068,-150.487
-2.1727,-154.871
-2.23861,-159.237
-2.30451,-163.586
-2.37042,-167.918
-2.43633,-172.232
-2.50223,-176.526
-2.56814,-180.804
-2.63404,-185.064
-2.69995,-189.306
-2.76586,-193.531
-2.83176,-197.739
-2.89767,-201.929
-2.96357,-206.101
-3.02948,-210.257
-3.09539,-214.385
-3.16129,-218.487
-3.2272,-222.569
-3.2931,-226.626
-3.35901,-230.654
-3.42492,-234.654
-3.49082,-238.629
-3.55673,-242.581
-3.62263,-246.508
-3.68854,-250.411
-3.75445,-254.289
-3.82035,-258.139
-3.88626,-261.967
-3.95216,-265.774
-4.01807,-269.548
-4.08398,-273.293
-4.14988,-277.009
-4.21579,-280.689
-4.28169,-284.35
-4.3476,-287.985
-4.41351,-291.598
-4.47941,-295.189
-4.54532,-298.752
-4.61122,-302.296
-4.67713,-305.816
-4.74304,-309.313
-4.80894,-312.789
-4.87485,-316.237
-4.94075,-319.667
-5.00666,-323.073
-5.07257,-326.458
-5.13847,-329.822
-5.20438,-333.16
-5.27028,-336.484
-5.33619,-339.783
-5.4021,-343.065
-5.468,-346.326
-5.53391,-349.566
-5.59981,-352.79
-5.66572,-355.991
-5.73163,-359.164
-5.79753,-362.305
-5.86344,-365.432
-5.92934,-368.538
-5.99525,-371.629
-6.06116,-374.7
-6.12706,-377.763
-6.19297,-380.806
-6.25887,-383.839
-6.32478,-386.857
-6.39069,-389.866
-6.45659,-392.858
-6.5225,-395.845
-6.5884,-398.817
-6.65431,-401.783
-6.72022,-404.737
-6.78612,-407.687
-6.85203,-410.624
-6.91793,-413.562
-6.98384,-416.489
-7.04975,-419.415
-7.11565,-422.338
-7.18156,-425.254
-7.24746,-428.176
-7.31337,-431.088
-7.37928,-434.007
-7.44518,-436.923
-7.51109,-439.838
-7.57699,-442.762
-7.6429,-445.682
-7.70881,-448.618
-7.77471,-451.552
-7.84062,-454.498
-7.90652,-457.453
-7.97243,-460.416
-8.03834,-463.388
-8.10424,-466.363
-8.17015,-469.349
-8.23605,-472.343
-8.30196,-475.335
-8.36787,-478.34
-8.43377,-481.345
-8.49968,-484.357
-8.56558,-487.365
-8.63149,-489.664
-8.6974,-491.585
-8.7633,-493.477
-8.82921,-495.297
-8.89511,-497.158
-8.96102,-499
-9.02693,-500.8
-9.09283,-502.649
-9.15874,-504.455
-9.22464,-506.221
-9.29055,-508.011
-9.35646,-509.783
-9.42236,-511.554
-9.48827,-513.335
-9.55417,-515.052
-9.62008,-516.784
-9.68599,-518.504
-9.75189,-520.232
-9.8178,-521.948
-9.8837,-523.64
-9.94961,-525.331
-9.77774,-518.576
-9.60588,-511.838
-9.43401,-505.114
-9.26214,-498.407
-9.09028,-491.726
-8.91841,-485.065
-8.74654,-478.418
-8.57468,-471.774
-8.40281,-465.109
-8.23094,-458.428
-8.05908,-451.71
-7.88721,-444.954
-7.71534,-438.131
-7.54348,-431.238
-7.37161,-424.251
-7.19974,-417.166
-7.02788,-409.987
-6.85601,-402.704
-6.68414,-395.31
-6.51228,-387.801
-6.34041,-380.169
-6.16854,-372.414
-5.99668,-364.528
-5.82481,-356.505
-5.65294,-348.305
-5.48108,-339.931
-5.30921,-331.415
-5.13734,-322.752
-4.96548,-313.94
-4.79361,-304.977
-4.62174,-295.863
-4.44988,-286.593
-4.27801,-277.171
-4.10614,-267.58
-3.93428,-257.795
-3.76241,-247.824
-3.59054,-237.688
-3.41868,-227.387
-3.24681,-216.917
-3.07494,-206.273
-2.90308,-195.468
-2.73121,-184.543
-2.55934,-173.499
-2.38748,-162.336
-2.21561,-151.052
-2.04374,-139.648
-1.87188,-128.15
-1.70001,-116.585
-1.52814,-105.004
-1.35628,-93.4239
-1.18441,-81.8435
-1.01254,-70.2631
-0.840677,-58.6827
-0.668811,-47.1023
-0.496944,-35.5219
-0.325077,-23.9415
-0.153211,-12.3611
0.018656,-0.780656
0.190523,10.7997
0.362389,22.3801
0.534256,33.9605
0.706123,45.5409
0.877989,57.1213
1.04986,68.7017
1.22172,80.2821
1.39359,91.8624
1.56546,103.443
1.73732,115.023
1.90919,126.598
2.08106,138.107
2.25292,149.531
2.42479,160.832
2.59666,172.007
2.76852,183.06
2.94039,193.992
3.11226,204.804
3.28412,215.452
3.45599,225.947
3.62786,236.289
3.79972,246.473
3.97159,256.483
4.14346,266.323
4.31532,275.96
4.48719,285.427
4.65906,294.734
4.83092,303.88
5.00279,312.874
5.17466,321.709
5.34652,330.397
5.51839,338.93
5.69026,347.321
5.86212,355.545
6.03399,363.581
6.20586,371.474
6.37772,379.232
6.54959,386.859
6.72146,394.355
6.89332,401.725
7.06519,408.976
7.23706,416.113
7.40892,423.145
7.58079,430.065
7.75266,436.881
7.92452,443.608
8.09639,450.251
8.26826,456.834
8.44012,463.356
8.61199,469.835
8.78386,476.269
8.95572,482.673
9.12759,489.049
9.29946,495.418
9.47132,501.789
9.64319,508.173
9.81506,514.574
9.98692,520.989
10.1588,527.421
10.3307,533.871
10.5025,539.164
10.6744,543.343
10.8463,547.482
11.0181,551.542
11.19,555.577
11.3619,559.523
11.5337,563.448
11.7056,567.333
11.8775,571.135
12.0493,574.936
12.2212,578.679
12.3931,582.402
12.5649,586.059
12.7368,589.701
12.9087,593.274
13.0805,596.844
13.2524,600.364
13.4243,603.838
13.5961,607.243
13.768,610.658
13.9399,614.025
14.1117,617.359
14.2836,620.687
14.4555,623.966
14.6273,627.224
14.7992,630.445
14.9711,633.633
15.1429,636.812
15.3148,639.961
15.4867,643.066
15.6585,646.171
15.8304,649.241
16.0023,652.282
16.1741,655.308
16.346,658.295
16.5179,661.272
16.6897,664.229
16.8616,667.13
17.0335,670.043
17.2053,672.904
17.3772,675.748
17.5491,678.556
17.7209,681.332
17.8928,684.092
18.0647,686.84
18.2365,689.54
18.4084,692.255
18.5803,694.895
18.7521,697.547
18.924,700.163
19.0959,702.75
19.2677,705.321
19.4396,707.834
19.6115,710.369
19.7833,712.839
19.9552,715.291
20.1271,717.683
20.2989,720.108
20.4708,722.457
20.6427,724.782
20.8145,727.089
20.9864,729.376
21.1583,731.608
21.3301,733.819
21.502,736.01
21.6739,738.148
21.8457,740.273
22.0176,742.343
22.1895,744.393
22.3613,746.436
22.5332,748.415
22.7051,750.378
22.8769,752.295
23.0488,754.2
23.2207,756.077
23.3925,757.905
23.5644,759.718
23.7363,761.476
23.9081,763.227
24.08,764.958
24.2519,766.613
24.4237,768.287
24.5956,769.926
24.7675,771.496
24.9393,773.082
25.1112,774.623
25.2831,776.145
25.4549,777.62
25.6268,779.094
25.7987,780.525
25.5843,776.617
25.37,772.698
25.1556,768.76
24.9413,764.824
24.7269,760.886
24.5126,756.938
24.2982,752.972
24.0839,749.013
23.8695,745.051
23.6552,741.079
23.4408,737.092
23.2265,733.105
23.0121,729.114
22.7978,725.102
22.5835,721.089
22.3691,717.063
22.1548,713.026
21.9404,708.974
21.7261,704.91
21.5117,700.838
21.2974,696.745
21.083,692.636
20.8687,688.52
20.6543,684.38
20.44,680.223
20.2256,676.059
20.0113,671.858
19.7969,667.654
19.5826,663.418
19.3683,659.166
19.1539,654.893
18.9396,650.593
18.7252,646.27
18.5109,641.925
18.2965,637.548
18.0822,633.155
17.8678,628.72
17.6535,624.27
17.4391,619.776
17.2248,615.262
17.0104,610.709
16.7961,606.128
16.5817,601.513
16.3674,596.859
16.1531,592.169
15.9387,587.447
15.7244,582.676
15.51,577.872
15.2957,573.023
15.0813,568.135
14.867,563.19
14.6526,558.207
14.4383,553.175
14.2239,548.091
14.0096,542.962
13.7952,537.768
13.5809,532.521
13.3665,527.221
13.1522,521.852
12.9379,516.423
12.7235,510.93
12.5092,505.366
12.2948,499.729
12.0805,494.014
11.8661,488.217
11.6518,482.34
11.4374,476.373
11.2231,470.32
11.0087,464.169
10.7944,457.924
10.58,451.578
10.3657,445.122
10.1513,438.56
9.937,431.877
9.72266,425.076
9.50831,418.15
9.29396,411.093
9.07962,403.908
8.86527,396.586
8.65092,389.12
8.43658,381.511
8.22223,373.747
8.00788,365.826
7.79354,357.743
7.57919,349.498
7.36484,341.09
7.1505,332.518
6.93615,323.767
6.7218,314.843
6.50746,305.74
6.29311,296.455
6.07876,286.938
5.86442,277.215
5.65007,267.302
5.43572,257.187
5.22138,246.867
5.00703,236.344
4.79268,225.608
4.57834,214.655
4.36399,203.5
4.14964,192.146
3.9353,180.573
3.72095,168.743
3.5066,156.657
3.29226,144.359
3.07791,131.864
2.86356,119.214
2.64922,106.391
2.43487,93.3862
2.22052,80.1971
2.00618,66.8175
1.79183,53.248
1.57748,39.4918
1.36314,25.66
1.14879,11.7864
0.934443,-2.06925
0.720096,-15.8722
0.505749,-29.5964
0.291403,-43.2411
0.077056,-56.8043
-0.137291,-70.2866
-0.351637,-83.6773
-0.565984,-96.9452
-0.780331,-110.114
-0.994677,-123.171
-1.20902,-136.089
-1.42337,-148.862
-1.63772,-161.491
-1.85206,-173.978
-2.06641,-186.308
-2.28076,-198.471
-2.4951,-210.467
-2.70945,-222.268
-2.9238,-233.863
-3.13814,-245.28
-3.35249,-256.522
-3.56684,-267.59
-3.78118,-278.487
-3.99553,-289.214
-4.20988,-299.763
-4.42422,-310.128
-4.63857,-320.299
-4.85292,-330.279
-5.06726,-340.074
-5.28161,-349.691
-5.49596,-359.147
-5.7103,-368.457
-5.92465,-377.615
-6.139,-386.636
-6.35334,-395.5
-6.56769,-404.233
-6.78204,-412.837
-6.99638,-421.322
-7.21073,-429.691
-7.42508,-437.957
-7.63942,-446.129
-7.85377,-454.21
-8.06812,-462.22
-8.28246,-470.17
-8.49681,-478.096
-8.71116,-486.043
-8.9255,-494.028
-9.13985,-502.074
-9.3542,-510.178
-9.56854,-518.33
-9.78289,-526.499
-9.99724,-533.846
-10.2116,-539.466
-10.4259,-544.601
-10.6403,-549.564
-10.8546,-554.37
-11.069,-559.028
-11.2833,-563.524
-11.4977,-568.054
-11.712,-572.532
-11.9264,-576.996
-12.1407,-581.377
-12.3551,-585.795
-12.5694,-590.12
-12.7837,-594.421
-12.9981,-598.681
-13.2124,-602.925
-13.4268,-607.097
-13.6411,-611.253
-13.8555,-615.342
-14.0698,-619.408
-14.2842,-623.446
-14.4985,-627.441
-14.7129,-631.402
-14.9272,-635.324
-15.1416,-639.229
-15.3559,-643.078
-15.5703,-646.915
-15.7846,-650.693
-15.9989,-654.474
-16.2133,-658.203
-16.4276,-661.887
-16.642,-665.552
-16.8563,-669.197
-17.0707,-672.788
-17.285,-676.349
-17.4994,-679.875
-17.7137,-683.366
-17.9281,-686.804
-18.1424,-690.263
-18.3568,-693.662
-18.5711,-697.057
-18.7855,-700.284
-18.9998,-703.483
-19.2141,-706.62
-19.4285,-709.735
-19.6428,-712.788
-19.8572,-715.814
-20.0715,-718.78
-20.2859,-721.726
-20.5002,-724.625
-20.7146,-727.458
-20.9289,-730.24
-21.1433,-732.991
-21.3576,-735.699
-21.572,-738.349
-21.7863,-740.954
-22.0007,-743.517
-22.215,-746.031
-22.4293,-748.495
-22.6437,-750.917
-22.858,-753.285
-23.0724,-755.606
-23.2867,-757.888
-23.5011,-760.12
-23.7154,-762.305
-23.9298,-764.443
-24.1441,-766.538
-24.3585,-768.585
-24.5728,-770.591
-24.7872,-772.554
-25.0015,-774.477
-25.2159,-776.343
-25.4302,-778.178
-25.6445,-779.966
-25.8589,-781.704
-26.0732,-783.406
-26.2876,-785.061
-26.5019,-786.694
-26.7163,-788.282
-26.9306,-789.838
-27.145,-791.355
-27.3593,-792.847
-27.5737,-794.294
-27.788,-795.721
-28.0024,-797.121
-28.2167,-798.48
-28.4311,-799.814
-28.6454,-801.117
-28.8597,-802.399
-29.0741,-803.656
-29.2884,-804.885
-29.5028,-806.085
-29.7171,-807.264
-29.9315,-808.415
-30.1458,-809.555
-30.3602,-810.668
-30.5745,-811.752
-30.7889,-812.815
-31.0032,-813.864
-31.2176,-814.893
-31.4319,-815.902
-31.6463,-816.893
-31.8606,-817.862
-32.0749,-818.809
-32.2893,-819.745
-32.1199,-816.952
-31.9505,-814.16
-31.781,-811.364
-31.6116,-808.559
-31.4422,-805.756
-31.2728,-802.953
-31.1034,-800.144
-30.9339,-797.331
-30.7645,-794.519
-30.5951,-791.705
-30.4257,-788.885
-30.2563,-786.063
-30.0868,-783.238
-29.9174,-780.413
-29.748,-777.583
-29.5786,-774.75
-29.4092,-771.92
-29.2397,-769.087
-29.0703,-766.244
-28.9009,-763.402
-28.7315,-760.554
-28.5621,-757.702
-28.3926,-754.85
-28.2232,-751.997
-28.0538,-749.14
-27.8844,-746.274
-27.715,-743.401
-27.5455,-740.528
-27.3761,-737.649
-27.2067,-734.771
-27.0373,-731.891
-26.8679,-728.999
-26.6984,-726.097
-26.529,-723.194
-26.3596,-720.29
-26.1902,-717.382
-26.0208,-714.475
-25.8513,-711.547
-25.6819,-708.616
-25.5125,-705.682
-25.3431,-702.748
-25.1737,-699.808
-25.0042,-696.859
-24.8348,-693.896
-24.6654,-690.931
-24.496,-687.963
-24.3266,-684.992
-24.1571,-682.008
-23.9877,-679.013
-23.8183,-676.013
-23.6489,-673.01
-23.4795,-669.997
-23.31,-666.979
-23.1406,-663.946
-22.9712,-660.911
-22.8018,-657.866
-22.6324,-654.813
-22.4629,-651.756
-22.2935,-648.683
-22.1241,-645.604
-21.9547,-642.516
-21.7853,-639.425
-21.6158,-636.321
-21.4464,-633.201
-21.277,-630.075
-21.1076,-626.948
-20.9382,-623.806
-20.7687,-620.646
-20.5993,-617.484
-20.4299,-614.317
-20.2605,-611.128
-20.0911,-607.93
-19.9216,-604.728
-19.7522,-601.513
-19.5828,-598.279
-19.4134,-595.041
-19.244,-591.787
-19.0745,-588.527
-18.9051,-585.251
-18.7357,-581.957
-18.5663,-578.662
-18.3969,-575.347
-18.2274,-572.016
-18.058,-568.682
-17.8886,-565.325
-17.7192,-561.954
-17.5498,-558.576
-17.3803,-555.178
-17.2109,-551.767
-17.0415,-548.338
-16.8721,-544.898
-16.7027,-541.435
-16.5332,-537.962
-16.3638,-534.469
-16.1944,-530.955
-16.025,-527.429
-15.8556,-523.876
-15.6861,-520.306
-15.5167,-516.723
-15.3473,-513.109
-15.1779,-509.486
-15.0085,-505.832
-14.839,-502.164
-14.6696,-498.469
-14.5002,-494.748
-14.3308,-491.013
-14.1614,-487.24
-13.9919,-483.454
-13.8225,-479.632
-13.6531,-475.787
-13.4837,-471.917
-13.3143,-468.012
-13.1448,-464.076
-12.9754,-460.11
-12.806,-456.109
-12.6366,-452.071
-12.4672,-447.999
-12.2977,-443.896
-12.1283,-439.752
-11.9589,-435.576
-11.7895,-431.348
-11.6201,-427.091
-11.4506,-422.781
-11.2812,-418.434
-11.1118,-414.038
-10.9424,-409.595
-10.773,-405.108
-10.6035,-400.562
-10.4341,-395.968
-10.2647,-391.322
-10.0953,-386.613
-9.92585,-381.853
-9.75643,-377.028
-9.58701,-372.137
-9.41759,-367.184
-9.24817,-362.173
-9.07875,-357.083
-8.90933,-351.923
-8.73991,-346.697
-8.57049,-341.4
-8.40107,-336.015
-8.23165,-330.556
-8.06223,-325.021
-7.89281,-319.4
-7.72339,-313.696
-7.55397,-307.904
-7.38455,-302.027
-7.21513,-296.066
-7.04571,-290.023
-6.87629,-283.899
-6.70687,-277.691
-6.53745,-271.395
-6.36803,-265.02
-6.19861,-258.568
-6.02919,-252.039
-5.85977,-245.433
-5.69035,-238.755
-5.52093,-232.008
-5.35151,-225.181
-5.18209,-218.266
-5.01267,-211.261
-4.84325,-204.171
-4.67383,-196.994
-4.50441,-189.714
-4.33499,-182.341
-4.16557,-174.877
-3.99615,-167.316
-3.82673,-159.659
-3.65731,-151.897
-3.48789,-144.04
-3.31847,-136.086
-3.14905,-128.037
-2.97963,-119.901
-2.81021,-111.672
-2.64079,-103.398
-2.47137,-95.0839
-2.30195,-86.7026
-2.13253,-78.2501
-1.96311,-69.733
-1.79369,-61.1978
-1.62427,-52.6235
-1.45485,-44.0095
-1.28543,-35.3789
-1.11601,-26.7357
-0.946591,-18.0738
-0.777171,-9.39396
-0.607751,-0.690604
-0.438331,8.04686
-0.268911,16.7924
-0.0994907,25.5549
0.0699293,34.3345
0.239349,43.1431
0.408769,51.9682
0.578189,60.8138
0.747609,69.6714
0.917029,78.5474
1.08645,87.4445
1.25587,96.3635
1.42529,105.303
1.59471,114.237
1.76413,123.114
1.93355,131.941
2.10297,140.744
2.27239,149.457
2.44181,158.088
2.61123,166.639
2.78065,175.107
2.95007,183.497
3.11949,191.803
3.28891,200.028
3.45833,208.173
3.62775,216.236
3.79717,224.221
3.96659,232.127
4.13601,239.954
4.30543,247.703
4.47485,255.364
4.64427,262.934
4.81369,270.417
4.98311,277.796
5.15253,285.082
5.32195,292.274
5.49137,299.378
5.66079,306.402
5.83021,313.344
5.99963,320.201
6.16905,326.969
6.33847,333.663
6.50789,340.284
6.67731,346.827
6.84673,353.294
7.01615,359.681
7.18557,365.989
7.35499,372.214
7.52441,378.356
7.69383,384.416
7.86325,390.4
8.03267,396.302
8.20209,402.123
8.37151,407.869
8.54093,413.537
8.71035,419.124
8.87977,424.632
9.04919,430.069
9.21861,435.435
9.38803,440.725
9.55745,445.941
9.72687,451.088
9.89629,456.172
10.0657,461.184
10.2351,466.122
10.4045,470.992
10.574,475.806
10.7434,480.557
10.9128,485.25
11.0822,489.889
11.2516,494.474
11.4211,499.001
11.5905,503.482
11.7599,507.91
11.9293,512.288
12.0987,516.624
12.2682,520.909
12.4376,525.153
12.607,529.354
12.7764,533.513
12.9458,537.634
13.1153,541.706
13.2847,545.75
13.4541,549.751
13.6235,553.721
13.7929,557.649
13.9624,561.545
14.1318,565.409
14.3012,569.235
14.4706,573.031
14.64,576.802
14.8095,580.532
14.9789,584.242
15.1483,587.917
15.3177,591.57
15.4871,595.19
15.6566,598.785
15.826,602.351
15.9954,605.894
16.1648,609.412
16.3342,612.902
16.5037,616.373
16.6731,619.814
16.8425,623.236
17.0119,626.635
17.1813,630.007
17.3508,633.364
17.5202,636.694
17.6896,640.003
17.859,643.3
18.0284,646.563
18.1979,649.816
18.3673,653.047
18.5367,656.256
18.7061,659.447
18.8755,662.622
19.045,665.778
19.2144,668.908
19.3838,672.032
19.5532,675.132
19.7226,678.21
19.8921,681.28
20.0615,684.33
20.2309,687.355
20.4003,690.374
20.5697,693.375
20.7392,696.35
20.9086,699.317
21.078,702.267
21.2474,705.197
21.4168,708.114
21.5863,711.013
21.7557,713.9
21.9251,716.766
22.0945,719.619
22.2639,722.454
22.4334,725.277
22.6028,728.081
22.7722,730.862
22.9416,733.633
23.111,736.392
23.2805,739.125
23.4499,741.838
23.6193,744.537
23.7887,747.228
23.9581,749.883
24.1276,752.519
24.297,755.141
24.4664,757.747
24.6358,760.319
24.8052,762.868
24.9747,765.398
25.1441,767.907
25.3135,770.386
25.4829,772.833
25.307,769.739
25.1311,766.631
24.9552,763.512
24.7792,760.38
24.6033,757.242
24.4274,754.1
24.2515,750.94
24.0756,747.769
23.8996,744.591
23.7237,741.415
23.5478,738.221
23.3719,735.015
23.196,731.805
23.02,728.594
22.8441,725.367
22.6682,722.128
22.4923,718.883
22.3164,715.636
22.1404,712.373
21.9645,709.098
21.7886,705.818
21.6127,702.53
21.4368,699.229
21.2608,695.916
21.0849,692.595
20.909,689.262
20.7331,685.916
20.5572,682.561
20.3812,679.189
20.2053,675.814
20.0294,672.419
19.8535,669.007
19.6776,665.594
19.5016,662.159
19.3257,658.708
19.1498,655.252
18.9739,651.774
18.798,648.28
18.622,644.78
18.4461,641.255
18.2702,637.715
18.0943,634.162
17.9184,630.59
17.7424,626.999
17.5665,623.394
17.3906,619.77
17.2147,616.121
17.0388,612.465
16.8628,608.774
16.6869,605.073
16.511,601.348
16.3351,597.6
16.1592,593.831
15.9832,590.04
15.8073,586.221
15.6314,582.387
15.4555,578.518
15.2796,574.636
15.1036,570.717
14.9277,566.78
14.7518,562.81
14.5759,558.815
14.4,554.786
14.224,550.738
14.0481,546.648
13.8722,542.533
13.6963,538.383
13.5204,534.2
13.3444,529.975
13.1685,525.724
12.9926,521.429
12.8167,517.101
12.6408,512.728
12.4648,508.315
12.2889,503.862
12.113,499.363
11.9371,494.824
11.7612,490.231
11.5852,485.595
11.4093,480.909
11.2334,476.166
11.0575,471.372
10.8816,466.527
10.7056,461.611
10.5297,456.639
10.3538,451.605
10.1779,446.503
10.002,441.332
9.82605,436.097
9.65013,430.797
9.47421,425.419
9.29829,419.963
9.12237,414.434
8.94645,408.833
8.77053,403.146
8.59461,397.378
8.41869,391.528
8.24277,385.593
8.06685,379.58
7.89093,373.476
7.71501,367.283
7.53909,360.999
7.36317,354.624
7.18725,348.16
7.01133,341.609
6.83541,334.972
6.65949,328.248
6.48357,321.435
6.30765,314.534
6.13173,307.547
5.95581,300.481
5.77989,293.336
5.60397,286.101
5.42805,278.778
5.25213,271.365
5.07621,263.864
4.90029,256.283
4.72437,248.607
4.54845,240.825
4.37253,232.94
4.19661,224.963
4.02069,216.893
3.84477,208.734
3.66885,200.486
3.49293,192.151
3.31701,183.73
3.14109,175.221
2.96517,166.628
2.78925,157.948
2.61333,149.182
2.43741,140.329
2.26149,131.389
2.08557,122.368
1.90965,113.271
1.73373,104.093
1.55781,94.8175
1.38189,85.51
1.20597,76.1761
1.03005,66.7921
0.854129,57.3817
0.678209,47.9954
0.502289,38.6321
0.326369,29.2938
0.150449,19.9793
-0.0254707,10.6812
-0.201391,1.41991
-0.377311,-7.81155
-0.553231,-17.0283
-0.729151,-26.2111
-0.905071,-35.3542
-1.08099,-44.4686
-1.25691,-53.5456
-1.43283,-62.6101
-1.60875,-71.65
-1.78467,-80.6595
-1.96059,-89.6395
-2.13651,-98.5945
-2.31243,-107.51
-2.48835,-116.38
-2.66427,-125.203
-2.84019,-133.943
-3.01611,-142.6
-3.19203,-151.177
-3.36795,-159.708
-3.54387,-168.152
-3.71979,-176.492
-3.89571,-184.729
-4.07163,-192.862
-4.24755,-200.894
-4.42347,-208.828
-4.59939,-216.657
-4.77531,-224.382
-4.95123,-231.997
-5.12715,-239.514
-5.30307,-246.943
-5.47899,-254.28
-5.65491,-261.52
-5.83083,-268.665
-6.00675,-275.725
-6.18267,-282.703
-6.35859,-289.6
-6.53451,-296.411
-6.71043,-303.137
-6.88635,-309.778
-7.06227,-316.331
-7.23819,-322.791
-7.41411,-329.162
-7.59003,-335.445
-7.76595,-341.641
-7.94187,-347.752
-8.11779,-353.768
-8.29371,-359.701
-8.46963,-365.555
-8.64555,-371.327
-8.82147,-377.015
-8.99739,-382.625
-9.17331,-388.153
-9.34923,-393.601
-9.52515,-398.979
-9.70107,-404.278
-9.87699,-409.502
-10.0529,-414.653
-10.2288,-419.742
-10.4048,-424.761
-10.5807,-429.715
-10.7566,-434.611
-10.9325,-439.445
-11.1084,-444.216
-11.2844,-448.932
-11.4603,-453.591
-11.6362,-458.191
-11.8121,-462.744
-11.988,-467.235
-12.164,-471.676
-12.3399,-476.071
-12.5158,-480.413
-12.6917,-484.715
-12.8676,-488.97
-13.0436,-493.186
-13.2195,-497.354
-13.3954,-501.482
-13.5713,-505.575
-13.7472,-509.628
-13.9232,-513.645
-14.0991,-517.621
-14.275,-521.567
-14.4509,-525.478
-14.6268,-529.353
-14.8028,-533.196
-14.9787,-537.012
-15.1546,-540.79
-15.3305,-544.544
-15.5064,-548.266
-15.6824,-551.957
-15.8583,-555.628
-16.0342,-559.258
-16.2101,-562.875
-16.386,-566.455
-16.562,-570.016
-16.7379,-573.551
-16.9138,-577.057
-17.0897,-580.538
-17.2656,-584.003
-17.4416,-587.432
-17.6175,-590.853
-17.7934,-594.238
-17.9693,-597.607
-18.1452,-600.956
-18.3212,-604.277
-18.4971,-607.58
-18.673,-610.865
-18.8489,-614.126
-19.0248,-617.36
-19.2008,-620.587
-19.3767,-623.784
-19.5526,-626.962
-19.7285,-630.131
-19.9044,-633.269
-20.0804,-636.391
-20.2563,-639.5
-20.4322,-642.587
-20.6081,-645.653
-20.784,-648.704
-20.96,-651.741
-21.1359,-654.755
-21.3118,-657.753
-21.4877,-660.733
-21.6636,-663.704
-21.8396,-666.649
-22.0155,-669.576
-22.1914,-672.492
-22.3673,-675.399
-22.5432,-678.273
-22.7192,-681.136
-22.8951,-683.991
-23.071,-686.83
-23.2469,-689.64
-23.4228,-692.442
-23.5988,-695.235
-23.7747,-698.007
-23.9506,-700.758
-24.1265,-703.501
-24.3024,-706.229
-24.4784,-708.94
-24.6543,-711.637
-24.8302,-714.318
-25.0061,-716.984
-25.182,-719.635
-25.358,-722.277
-25.5339,-724.898
-25.7098,-727.506
-25.8857,-730.095
-26.0616,-732.674
-26.2376,-735.243
-26.4135,-737.79
-26.1616,-733.416
-25.9098,-729.026
-25.6579,-724.63
-25.4061,-720.221
-25.1542,-715.796
-24.9024,-711.355
-24.6505,-706.903
-24.3986,-702.439
-24.1468,-697.952
-23.8949,-693.45
-23.6431,-688.932
-23.3912,-684.397
-23.1394,-679.839
-22.8875,-675.264
-22.6357,-670.674
-22.3838,-666.051
-22.132,-661.418
-21.8801,-656.761
-21.6283,-652.076
-21.3764,-647.377
-21.1246,-642.645
-20.8727,-637.892
-20.6208,-633.119
-20.369,-628.312
-20.1171,-623.483
-19.8653,-618.628
-19.6134,-613.74
-19.3616,-608.83
-19.1097,-603.882
-18.8579,-598.908
-18.606,-593.902
-18.3542,-588.864
-18.1023,-583.792
-17.8505,-578.689
-17.5986,-573.548
-17.3468,-568.369
-17.0949,-563.16
-16.843,-557.901
-16.5912,-552.613
-16.3393,-547.281
-16.0875,-541.902
-15.8356,-536.483
-15.5838,-531.016
-15.3319,-525.511
-15.0801,-519.94
-14.8282,-514.325
-14.5764,-508.658
-14.3245,-502.928
-14.0727,-497.147
-13.8208,-491.303
-13.569,-485.39
-13.3171,-479.414
-13.0652,-473.371
-12.8134,-467.247
-12.5615,-461.043
-12.3097,-454.754
-12.0578,-448.377
-11.806,-441.914
-11.5541,-435.357
-11.3023,-428.694
-11.0504,-421.933
-10.7986,-415.061
-10.5467,-408.079
-10.2949,-400.973
-10.043,-393.746
-9.79115,-386.388
-9.5393,-378.895
-9.28744,-371.262
-9.03559,-363.48
-8.78374,-355.542
-8.53188,-347.444
-8.28003,-339.181
-8.02818,-330.747
-7.77632,-322.133
-7.52447,-313.339
-7.27262,-304.36
-7.02076,-295.206
-6.76891,-285.863
-6.51706,-276.341
-6.2652,-266.654
-6.01335,-256.79
-5.7615,-246.766
-5.50964,-236.592
-5.25779,-226.231
-5.00594,-215.686
-4.75408,-204.959
-4.50223,-194.025
-4.25038,-182.887
-3.99852,-171.541
-3.74667,-159.982
-3.49482,-148.21
-3.24296,-136.232
-2.99111,-124.049
-2.73926,-111.728
-2.4874,-99.2937
-2.23555,-86.7086
-1.9837,-74.0041
-1.73184,-61.2574
-1.47999,-48.4234
-1.22814,-35.5508
-0.976284,-22.6485
-0.724431,-9.70001
-0.472577,3.31001
-0.220724,16.3598
0.0311293,29.436
0.282983,42.5651
0.534836,55.7383
0.786689,68.9489
1.03854,82.1971
1.2904,95.4878
1.54225,108.81
1.7941,122.029
2.04596,135.146
2.29781,148.129
2.54966,160.924
2.80152,173.544
3.05337,185.982
3.30522,198.238
3.55708,210.325
3.80893,222.225
4.06078,233.95
4.31264,245.49
4.56449,256.835
4.81634,267.965
5.0682,278.894
5.32005,289.608
5.5719,300.142
5.82376,310.49
6.07561,320.635
6.32746,330.607
6.57932,340.408
6.83117,350.019
7.08302,359.46
7.33488,368.718
7.58673,377.792
7.83858,386.684
8.09044,395.403
8.34229,403.95
8.59414,412.322
8.846,420.522
9.09785,428.56
9.3497,436.438
9.60156,444.163
9.85341,451.74
10.1053,459.171
10.3571,466.447
10.609,473.585
10.8608,480.597
11.1127,487.486
11.3645,494.262
11.6164,500.924
11.8682,507.483
12.1201,513.943
12.3719,520.297
12.6238,526.561
12.8756,532.739
13.1275,538.833
13.3794,544.847
13.6312,550.783
13.8831,556.64
14.1349,562.424
14.3868,568.142
14.6386,573.796
14.8905,579.378
15.1423,584.902
15.3942,590.371
15.646,595.774
15.8979,601.129
16.1497,606.431
16.4016,611.674
16.6534,616.872
16.9053,622.015
17.1572,627.12
17.409,632.168
17.6609,637.177
17.9127,642.143
18.1646,647.064
18.4164,651.945
18.6683,656.789
18.9201,661.586
19.172,666.357
19.4238,671.074
19.6757,675.773
19.9275,680.414
20.1794,685.037
20.4312,689.613
20.6831,694.161
20.935,698.671
21.1868,703.148
21.4387,707.59
21.6905,711.998
21.9424,716.369
22.1942,720.715
22.4461,725.013
22.6979,729.284
22.9498,733.519
23.2016,737.705
23.4535,741.869
23.7053,745.976
23.9572,750.046
24.209,754.075
24.4609,758.041
24.7128,761.963
24.9646,765.83
25.2165,769.628
25.4683,773.299
25.7202,776.779
25.972,780.191
26.2239,783.252
26.4757,785.872
26.7276,788.313
26.9794,790.564
27.2313,792.7
27.4831,794.757
27.735,796.739
27.9868,798.65
28.2387,800.481
28.4906,802.242
28.7424,803.935
28.9943,805.555
29.2461,807.102
29.498,808.564
29.7498,809.941
30.0017,811.26
30.2535,812.514
30.5054,813.733
30.7572,814.924
31.0091,816.085
31.2609,817.217
31.5128,818.324
31.7646,819.406
32.0165,820.466
32.2684,821.498
32.5202,822.504
32.7721,823.487
33.0239,824.452
33.2758,825.401
33.5276,826.329
33.7795,827.224
34.0313,828.104
34.2832,828.968
34.535,829.815
34.7869,830.648
35.0387,831.456
35.2906,832.25
35.5424,833.024
35.7943,833.783
36.0462,834.528
36.298,835.253
36.5499,835.963
36.8017,836.66
37.0536,837.345
37.3054,838.011
37.5573,838.663
37.8091,839.299
37.5475,835.2
37.286,831.093
37.0244,826.983
36.7628,822.869
36.5012,818.75
36.2396,814.633
35.978,810.514
35.7164,806.39
35.4548,802.261
35.1933,798.136
34.9317,793.998
34.6701,789.863
34.4085,785.725
34.1469,781.582
33.8853,777.436
33.6237,773.286
33.3622,769.126
33.1006,764.964
32.839,760.797
32.5774,756.625
32.3158,752.446
32.0542,748.266
31.7926,744.072
31.531,739.875
31.2695,735.671
31.0079,731.461
30.7463,727.246
30.4847,723.024
30.2231,718.794
29.9615,714.554
29.6999,710.308
29.4384,706.056
29.1768,701.801
28.9152,697.53
28.6536,693.25
28.392,688.962
28.1304,684.672
27.8688,680.37
27.6072,676.053
27.3457,671.728
27.0841,667.399
26.8225,663.065
26.5609,658.709
26.2993,654.344
26.0377,649.978
25.7761,645.605
25.5146,641.206
25.253,636.802
24.9914,632.398
24.7298,627.977
24.4682,623.539
24.2066,619.097
23.945,614.647
23.6834,610.178
23.4219,605.701
23.1603,601.214
22.8987,596.714
22.6371,592.202
22.3755,587.676
22.1139,583.143
21.8523,578.589
21.5908,574.024
21.3292,569.454
21.0676,564.856
20.806,560.253
20.5444,555.634
20.2828,550.997
20.0212,546.355
19.7596,541.681
19.4981,537.002
19.2365,532.302
18.9749,527.582
18.7133,522.851
18.4517,518.087
18.1901,513.316
17.9285,508.509
17.667,503.694
17.4054,498.841
17.1438,493.972
16.8822,489.074
16.6206,484.146
16.359,479.189
16.0974,474.208
15.8358,469.181
15.5743,464.132
15.3127,459.034
15.0511,453.905
14.7895,448.729
14.5279,443.504
14.2663,438.24
14.0047,432.914
13.7432,427.544
13.4816,422.122
13.22,416.634
12.9584,411.085
12.6968,405.469
12.4352,399.779
12.1736,394.008
11.912,388.183
11.6505,382.282
11.3889,376.29
11.1273,370.204
10.8657,364.006
10.6041,357.697
10.3425,351.266
10.0809,344.706
9.81936,338.013
9.55777,331.178
9.29618,324.193
9.0346,317.047
8.77301,309.733
8.51142,302.241
8.24984,294.561
7.98825,286.695
7.72666,278.638
7.46508,270.385
7.20349,261.937
6.9419,253.286
6.68032,244.433
6.41873,235.388
6.15714,226.158
5.89556,216.742
5.63397,207.147
5.37238,197.387
5.1108,187.427
4.84921,177.275
4.58762,166.948
4.32604,156.422
4.06445,145.737
3.80286,134.954
3.54128,124.006
3.27969,112.87
3.0181,101.598
2.75652,90.2992
2.49493,78.9518
2.23334,67.5778
1.97176,56.1896
1.71017,44.7932
1.44858,33.3982
1.187,21.99
0.925409,10.5762
0.663823,-0.912656
0.402236,-12.4492
0.140649,-24.0283
-0.120937,-35.6469
-0.382524,-47.3125
-0.644111,-59.0358
-0.905697,-70.8165
-1.16728,-82.6576
-1.42887,-94.5333
-1.69046,-106.373
-1.95204,-118.29
-2.21363,-130.244
-2.47522,-142.221
-2.7368,-154.214
-2.99839,-166.213
-3.25998,-178.119
-3.52156,-189.9
-3.78315,-201.62
-4.04474,-213.212
-4.30632,-224.622
-4.56791,-235.848
-4.8295,-246.854
-5.09108,-257.649
-5.35267,-268.266
-5.61426,-278.7
-5.87584,-288.941
-6.13743,-299.005
-6.39902,-308.882
-6.6606,-318.581
-6.92219,-328.104
-7.18378,-337.435
-7.44536,-346.581
-7.70695,-355.541
-7.96854,-364.313
-8.23012,-372.889
-8.49171,-381.28
-8.7533,-389.495
-9.01488,-397.537
-9.27647,-405.407
-9.53806,-413.113
-9.79964,-420.66
-10.0612,-428.053
-10.3228,-435.299
-10.5844,-442.406
-10.846,-449.37
-11.1076,-456.2
-11.3692,-462.901
-11.6308,-469.48
-11.8923,-475.947
-12.1539,-482.302
-12.4155,-488.554
-12.6771,-494.71
-12.9387,-500.77
-13.2003,-506.741
-13.4619,-512.626
-13.7234,-518.422
-13.985,-524.14
-14.2466,-529.783
-14.5082,-535.356
-14.7698,-540.849
-15.0314,-546.275
-15.293,-551.641
-15.5546,-556.936
-15.8161,-562.173
-16.0777,-567.359
-16.3393,-572.476
-16.6009,-577.542
-16.8625,-582.55
-17.1241,-587.506
-17.3857,-592.42
-17.6472,-597.27
-17.9088,-602.084
-18.1704,-606.842
-18.432,-611.563
-18.6936,-616.227
-18.9552,-620.865
-19.2168,-625.441
-19.4784,-629.992
-19.7399,-634.491
-20.0015,-638.956
-20.2631,-643.382
-20.5247,-647.767
-20.7863,-652.124
-21.0479,-656.432
-21.3095,-660.719
-21.571,-664.956
-21.8326,-669.17
-22.0942,-673.348
-22.3558,-677.487
-22.6174,-681.603
-22.879,-685.679
-23.1406,-689.728
-23.4022,-693.746
-23.6637,-697.729
-23.9253,-701.684
-24.1869,-705.613
-24.4485,-709.51
-24.7101,-713.373
-24.9717,-717.218
-25.2333,-721.03
-25.4948,-724.807
-25.7564,-728.569
-26.018,-732.298
-26.2796,-735.984
-26.5412,-739.634
-26.8028,-743.252
-27.0644,-746.829
-27.326,-750.388
-27.5875,-753.92
-27.8491,-757.412
-28.1107,-760.879
-28.3723,-764.32
-28.6339,-767.729
-28.8955,-771.099
-29.1571,-774.444
-29.4186,-777.757
-29.6802,-781.038
-29.9418,-784.278
-30.2034,-787.49
-30.465,-790.663
-30.7266,-793.802
-30.9882,-796.896
-31.2498,-799.951
-31.5113,-802.968
-31.7729,-805.942
-32.0345,-808.834
-32.2961,-811.488
-32.5577,-813.681
-32.8193,-815.628
-33.0809,-817.407
-33.3424,-819.062
-33.604,-820.624
-33.8656,-822.106
-34.1272,-823.526
-34.3888,-824.891
-34.6504,-826.211
-34.912,-827.473
-35.1736,-828.683
-35.4351,-829.832
-35.6967,-830.926
-35.9583,-831.951
-36.2199,-832.907
-36.4815,-833.794
-36.7431,-834.624
-37.0047,-835.396
-37.2662,-836.131
-37.5278,-836.829
-37.7894,-837.493
-38.051,-838.133
-38.3126,-838.761
-38.5742,-839.376
-38.8358,-839.979
-39.0974,-840.571
-39.3589,-841.152
-39.0601,-836.486
-38.7613,-831.822
-38.4625,-827.154
-38.1636,-822.49
-37.8648,-817.823
-37.566,-813.157
-37.2672,-808.492
-36.9683,-803.811
-36.6695,-799.134
-36.3707,-794.456
-36.0718,-789.78
-35.773,-785.103
-35.4742,-780.423
-35.1754,-775.732
-34.8765,-771.032
-34.5777,-766.335
-34.2789,-761.631
-33.9801,-756.929
-33.6812,-752.215
-33.3824,-747.49
-33.0836,-742.757
-32.7848,-738.024
-32.4859,-733.285
-32.1871,-728.541
-31.8883,-723.783
-31.5894,-719.018
-31.2906,-714.246
-30.9918,-709.474
-30.693,-704.688
-30.3941,-699.895
-30.0953,-695.089
-29.7965,-690.279
-29.4977,-685.46
-29.1988,-680.633
-28.9,-675.791
-28.6012,-670.943
-28.3024,-666.087
-28.0035,-661.221
-27.7047,-656.344
-27.4059,-651.458
-27.107,-646.56
-26.8082,-641.66
-26.5094,-636.742
-26.2106,-631.815
-25.9117,-626.88
-25.6129,-621.939
-25.3141,-616.979
-25.0153,-612.011
-24.7164,-607.044
-24.4176,-602.049
-24.1188,-597.05
-23.82,-592.051
-23.5211,-587.024
-23.2223,-581.993
-22.9235,-576.957
-22.6246,-571.894
-22.3258,-566.83
-22.027,-561.749
-21.7282,-556.654
-21.4293,-551.548
-21.1305,-546.428
-20.8317,-541.289
-20.5329,-536.146
-20.234,-530.973
-19.9352,-525.796
-19.6364,-520.587
-19.3376,-515.372
-19.0387,-510.126
-18.7399,-504.865
-18.4411,-499.578
-18.1422,-494.267
-17.8434,-488.93
-17.5446,-483.571
-17.2458,-478.169
-16.9469,-472.752
-16.6481,-467.289
-16.3493,-461.815
-16.0505,-456.318
-15.7516,-450.778
-15.4528,-445.199
-15.154,-439.557
-14.8552,-433.869
-14.5563,-428.128
-14.2575,-422.324
-13.9587,-416.453
-13.6598,-410.518
-13.361,-404.514
-13.0622,-398.422
-12.7634,-392.243
-12.4645,-385.976
-12.1657,-379.606
-11.8669,-373.137
-11.5681,-366.55
-11.2692,-359.842
-10.9704,-352.996
-10.6716,-346.008
-10.3728,-338.865
-10.0739,-331.558
-9.7751,-324.074
-9.47627,-316.403
-9.17744,-308.532
-8.87862,-300.444
-8.57979,-292.125
-8.28096,-283.621
-7.98214,-274.881
-7.68331,-265.894
-7.38448,-256.634
-7.08566,-247.121
-6.78683,-237.367
-6.488,-227.348
-6.18918,-217.089
-5.89035,-206.588
-5.59152,-195.872
-5.2927,-184.925
-4.99387,-173.747
-4.69504,-162.324
-4.39622,-150.737
-4.09739,-139.015
-3.79856,-127.077
-3.49974,-114.942
-3.20091,-102.71
-2.90208,-90.4198
-2.60326,-78.0723
-2.30443,-65.685
-2.0056,-53.3307
-1.70678,-40.9802
-1.40795,-28.6615
-1.10912,-16.3555
-0.810297,-4.0681
-0.511471,8.20218
-0.212644,20.5154
0.0861827,32.8689
0.385009,45.2315
0.683836,57.6134
0.982663,70.0218
1.28149,82.4447
1.58032,94.8287
1.87914,107.246
2.17797,119.717
2.4768,132.204
2.77562,144.712
3.07445,157.206
3.37328,169.713
3.6721,182.234
3.97093,194.726
4.26976,207.161
4.56858,219.428
4.86741,231.48
5.16624,243.345
5.46506,255.097
5.76389,266.643
6.06272,277.935
6.36154,288.99
6.66037,299.821
6.9592,310.427
7.25802,320.794
7.55685,330.935
7.85568,340.847
8.1545,350.52
8.45333,359.963
8.75216,369.176
9.05098,378.157
9.34981,386.922
9.64864,395.481
9.94746,403.84
10.2463,412.004
10.5451,419.982
10.8439,427.78
11.1428,435.409
11.4416,442.869
11.7404,450.17
12.0392,457.318
12.3381,464.33
12.6369,471.203
12.9357,477.955
13.2346,484.582
13.5334,491.098
13.8322,497.51
14.131,503.814
14.4299,510.021
14.7287,516.132
15.0275,522.149
15.3263,528.08
15.6252,533.93
15.924,539.695
16.2228,545.381
16.5216,550.997
16.8205,556.537
17.1193,562.006
17.4181,567.415
17.717,572.752
18.0158,578.027
18.3146,583.238
18.6134,588.387
18.9123,593.487
19.2111,598.518
19.5099,603.503
19.8087,608.427
20.1076,613.306
20.4064,618.122
20.7052,622.908
21.004,627.62
21.3029,632.305
21.6017,636.927
21.9005,641.514
22.1994,646.05
22.4982,650.543
22.797,654.998
23.0958,659.4
23.3947,663.772
23.6935,668.093
23.9923,672.379
24.2911,676.631
24.59,680.829
24.8888,685.005
25.1876,689.131
25.4864,693.224
25.7853,697.281
26.0841,701.299
26.3829,705.281
26.6818,709.231
26.9806,713.144
27.2794,717.018
27.5782,720.865
27.8771,724.678
28.1759,728.446
28.4747,732.191
28.7735,735.906
29.0724,739.571
29.3712,743.212
29.67,746.833
29.9688,750.396
30.2677,753.934
30.5665,757.451
30.8653,760.924
31.1642,764.358
31.463,767.768
31.7618,771.146
32.0606,774.481
32.3595,777.782
32.6583,781.057
32.9571,784.293
33.2559,787.488
33.5548,790.648
33.8536,793.778
34.1524,796.87
34.4512,799.918
34.7501,802.929
35.0489,805.906
35.3477,808.841
35.6466,811.731
35.9454,814.58
36.2442,817.386
36.543,820.146
36.8419,822.865
37.1407,825.527
37.4395,828.144
37.7383,830.274
38.0372,831.8
38.336,833.13
38.6348,834.39
38.9336,835.597
39.2325,836.753
39.5313,837.862
39.8301,838.923
40.129,839.927
40.4278,840.872
40.7266,841.771
41.0254,842.618
41.3243,843.411
41.6231,844.147
41.9219,844.83
42.2207,845.468
42.5196,846.066
42.8184,846.63
43.1172,847.163
43.416,847.666
43.7149,848.149
44.0137,848.614
44.3125,849.064
44.6114,849.498
44.9102,849.913
44.6461,845.936
44.382,841.956
44.118,837.971
43.8539,833.986
43.5898,830.003
43.3257,826.015
43.0617,822.03
42.7976,818.044
42.5335,814.057
42.2694,810.066
42.0054,806.079
41.7413,802.085
41.4772,798.091
41.2132,794.096
40.9491,790.098
40.685,786.104
40.4209,782.105
40.1569,778.107
39.8928,774.103
39.6287,770.097
39.3646,766.089
39.1006,762.072
38.8365,758.057
38.5724,754.039
38.3083,750.02
38.0443,746.002
37.7802,741.976
37.5161,737.951
37.2521,733.922
36.988,729.887
36.7239,725.849
36.4598,721.81
36.1958,717.773
35.9317,713.731
35.6676,709.687
35.4035,705.641
35.1395,701.591
34.8754,697.535
34.6113,693.479
34.3472,689.423
34.0832,685.364
33.8191,681.301
33.555,677.238
33.291,673.172
33.0269,669.099
32.7628,665.031
32.4987,660.958
32.2347,656.883
31.9706,652.809
31.7065,648.734
31.4424,644.652
31.1784,640.574
30.9143,636.491
30.6502,632.41
30.3861,628.33
30.1221,624.247
29.858,620.164
29.5939,616.077
29.3299,611.991
29.0658,607.911
28.8017,603.829
28.5376,599.741
28.2736,595.652
28.0095,591.569
27.7454,587.492
27.4813,583.407
27.2173,579.317
26.9532,575.233
26.6891,571.155
26.425,567.074
26.161,562.983
25.8969,558.898
25.6328,554.822
25.3688,550.74
25.1047,546.651
24.8406,542.57
24.5765,538.494
24.3125,534.406
24.0484,530.32
23.7843,526.24
23.5202,522.155
23.2562,518.073
22.9921,514.022
22.728,509.972
22.4639,505.91
22.1999,501.847
21.9358,497.785
21.6717,493.716
21.4077,489.636
21.1436,485.565
20.8795,481.471
20.6154,477.377
20.3514,473.283
20.0873,469.165
19.8232,465.051
19.5591,460.92
19.2951,456.778
19.031,452.633
18.7669,448.457
18.5028,444.28
18.2388,440.074
17.9747,435.862
17.7106,431.62
17.4466,427.364
17.1825,423.089
16.9184,418.784
16.6543,414.462
16.3903,410.111
16.1262,405.734
15.8621,401.384
15.598,397.017
15.334,392.623
15.0699,388.174
14.8058,383.694
14.5417,379.174
14.2777,374.624
14.0136,370.031
13.7495,365.369
13.4855,360.653
13.2214,355.88
12.9573,351.028
12.6932,346.107
12.4292,341.11
12.1651,336.049
11.901,330.901
11.6369,325.66
11.3729,320.323
11.1088,314.898
10.8447,309.368
10.5806,303.71
10.3166,297.926
10.0525,292.003
9.78843,285.933
9.52436,279.71
9.26028,273.342
8.99621,266.81
8.73214,260.103
8.46806,253.21
8.20399,246.12
7.93992,238.837
7.67584,231.355
7.41177,223.67
7.1477,215.789
6.88362,207.708
6.61955,199.431
6.35548,190.961
6.0914,182.322
5.82733,173.583
5.56326,164.696
5.29918,155.681
5.03511,146.515
4.77104,137.186
4.50696,127.783
4.24289,118.318
3.97882,108.785
3.71474,99.2
3.45067,89.5858
3.1866,79.9044
2.92252,70.163
2.65845,60.3576
2.39438,50.5062
2.1303,40.62
1.86623,30.7233
1.60216,20.8003
1.33808,10.8765
1.07401,0.924833
0.809936,-9.03135
0.545863,-19.0069
0.281789,-29.0087
0.017716,-39.032
-0.246357,-49.17
-0.510431,-59.3384
-0.774504,-69.5496
-1.03858,-79.7302
-1.30265,-89.9596
-1.56672,-100.239
-1.8308,-110.571
-2.09487,-120.948
-2.35894,-131.356
-2.62302,-141.805
-2.88709,-152.288
-3.15116,-162.799
-3.41524,-173.326
-3.67931,-183.857
-3.94338,-194.375
-4.20746,-204.888
-4.47153,-215.359
-4.7356,-225.788
-4.99968,-236.084
-5.26375,-246.214
-5.52782,-256.215
-5.7919,-266.127
-6.05597,-275.917
-6.32004,-285.524
-6.58412,-294.964
-6.84819,-304.229
-7.11226,-313.327
-7.37634,-322.243
-7.64041,-330.992
-7.90448,-339.568
-8.16856,-347.963
-8.43263,-356.183
-8.6967,-364.234
-8.96078,-372.108
-9.22485,-379.81
-9.48892,-387.348
-9.753,-394.732
-10.0171,-401.968
-10.2811,-409.054
-10.5452,-415.994
-10.8093,-422.796
-11.0734,-429.462
-11.3374,-435.999
-11.6015,-442.413
-11.8656,-448.707
-12.1297,-454.883
-12.3937,-460.953
-12.6578,-466.921
-12.9219,-472.783
-13.186,-478.553
-13.45,-484.236
-13.7141,-489.826
-13.9782,-495.325
-14.2422,-500.746
-14.5063,-506.095
-14.7704,-511.366
-15.0345,-516.565
-15.2985,-521.701
-15.5626,-526.764
-15.8267,-531.767
-16.0908,-536.714
-16.3548,-541.589
-16.6189,-546.416
-16.883,-551.18
-17.1471,-555.897
-17.4111,-560.561
-17.6752,-565.17
-17.9393,-569.732
-18.2033,-574.244
-18.4674,-578.707
-18.7315,-583.117
-18.9956,-587.492
-19.2596,-591.813
-19.5237,-596.095
-19.7878,-600.34
-20.0519,-604.535
-20.3159,-608.702
-20.58,-612.814
-20.8441,-616.904
-21.1082,-620.941
-21.3722,-624.952
-21.6363,-628.923
-21.9004,-632.859
-22.1644,-636.762
-22.4285,-640.629
-22.6926,-644.459
-22.9567,-648.27
-23.2207,-652.026
-23.4848,-655.769
-23.7489,-659.474
-24.013,-663.144
-24.277,-666.795
-24.5411,-670.406
-24.8052,-673.991
-25.0693,-677.547
-25.3333,-681.076
-25.5974,-684.575
-25.8615,-688.042
-26.1255,-691.491
-26.3896,-694.903
-26.6537,-698.287
-26.9178,-701.656
-27.1818,-704.989
-27.4459,-708.292
-27.71,-711.579
-27.9741,-714.844
-28.2381,-718.067
-28.5022,-721.273
-28.7663,-724.464
-29.0304,-727.618
-29.2944,-730.745
-29.5585,-733.855
-29.8226,-736.944
-30.0866,-739.999
-30.3507,-743.03
-30.6148,-746.046
-30.8789,-749.031
-31.1429,-751.992
-31.407,-754.927
-31.6711,-757.844
-31.9352,-760.731
-32.1992,-763.6
-32.4633,-766.438
-32.7274,-769.254
-32.9915,-772.043
-33.2555,-774.816
-33.5196,-777.558
-33.7837,-780.275
-34.0477,-782.962
-34.3118,-785.633
-34.5759,-788.283
-34.84,-790.896
-35.104,-793.482
-35.3681,-796.046
-35.6322,-798.589
-35.8963,-801.107
-36.1603,-803.589
-36.4244,-806.042
-36.6885,-808.472
-36.9526,-810.878
-37.2166,-813.259
-37.4807,-815.598
-37.7448,-817.905
-38.0088,-820.187
-38.2729,-822.445
-38.537,-824.674
-38.8011,-826.854
-39.0651,-829
-39.3292,-830.982
-39.5933,-832.482
-39.2519,-831.05
-38.9105,-829.619
-38.5691,-828.137
-38.2277,-826.642
-37.8863,-825.149
-37.5449,-823.6
-37.2035,-822.039
-36.8621,-820.476
-36.5207,-818.85
-36.1793,-817.218
-35.8379,-815.573
-35.4965,-813.867
-35.1551,-812.166
-34.8137,-810.418
-34.4723,-808.642
-34.1309,-806.853
-33.7895,-805.005
-33.4481,-803.151
-33.1067,-801.247
-32.7653,-799.319
-32.4239,-797.359
-32.0825,-795.35
-31.7411,-793.318
-31.3997,-791.24
-31.0583,-789.128
-30.7169,-786.978
-30.3755,-784.781
-30.0341,-782.553
-29.6927,-780.267
-29.3513,-777.956
-29.0099,-775.577
-28.6685,-773.167
-28.3271,-770.699
-27.9857,-768.184
-27.6443,-765.625
-27.3029,-762.995
-26.9615,-760.325
-26.6201,-757.593
-26.2787,-754.805
-25.9373,-751.941
-25.5959,-749.034
-25.2545,-746.051
-24.9131,-742.996
-24.5717,-739.887
-24.2303,-736.688
-23.8889,-733.425
-23.5475,-730.09
-23.2061,-726.654
-22.8647,-723.145
-22.5233,-719.557
-22.1819,-715.861
-21.8405,-712.081
-21.4991,-708.209
-21.1577,-704.228
-20.8163,-700.139
-20.4749,-695.941
-20.1335,-691.629
-19.7921,-687.195
-19.4507,-682.632
-19.1093,-677.938
-18.7679,-673.105
-18.4265,-668.139
-18.0851,-663.009
-17.7437,-657.727
-17.4023,-652.27
-17.0609,-646.642
-16.7195,-640.838
-16.3781,-634.84
-16.0367,-628.64
-15.6953,-622.233
-15.3539,-615.608
-15.0125,-608.756
-14.6711,-601.669
-14.3297,-594.334
-13.9883,-586.745
-13.6469,-578.898
-13.3055,-570.79
-12.9641,-562.406
-12.6227,-553.754
-12.2813,-544.839
-11.9399,-535.658
-11.5985,-526.216
-11.2571,-516.519
-10.9157,-506.571
-10.5743,-496.386
-10.2329,-485.966
-9.89148,-475.294
-9.55008,-464.363
-9.20868,-453.212
-8.86728,-441.808
-8.52588,-430.16
-8.18448,-418.27
-7.84308,-406.149
-7.50168,-393.776
-7.16028,-381.145
-6.81888,-368.238
-6.47748,-355.038
-6.13608,-341.553
-5.79468,-327.788
-5.45328,-313.742
-5.11188,-299.43
-4.77048,-284.932
-4.42908,-270.309
-4.08768,-255.496
-3.74628,-240.518
-3.40488,-225.504
-3.06348,-210.467
-2.72208,-195.424
-2.38068,-180.394
-2.03928,-165.345
-1.69788,-150.266
-1.35648,-135.206
-1.01508,-120.154
-0.673684,-105.142
-0.332284,-90.1559
0.009116,-75.2337
0.350516,-60.3995
0.691916,-45.6278
1.03332,-30.9083
1.37472,-16.2563
1.71612,-1.68236
2.05752,12.7571
2.39892,27.108
2.74032,41.386
3.08172,55.5639
3.42312,69.6167
3.76452,83.5511
4.10592,97.345
4.44732,110.975
4.78872,124.342
5.13012,137.449
5.47152,150.28
5.81292,162.915
6.15432,175.259
6.49572,187.291
6.83712,198.995
7.17852,210.39
7.51992,221.491
7.86132,232.303
8.20272,242.841
8.54412,253.101
8.88552,263.085
9.22692,272.792
9.56832,282.235
9.90972,291.407
10.2511,300.317
10.5925,308.974
10.9339,317.373
11.2753,325.528
11.6167,333.448
11.9581,341.159
12.2995,348.652
12.6409,355.928
12.9823,363.008
13.3237,369.894
13.6651,376.597
14.0065,383.125
14.3479,389.48
14.6893,395.662
15.0307,401.693
15.3721,407.577
15.7135,413.309
16.0549,418.908
16.3963,424.377
16.7377,429.716
17.0791,434.918
17.4205,440.002
17.7619,444.978
18.1033,449.848
18.4447,454.599
18.7861,459.25
19.1275,463.81
19.4689,468.272
19.8103,472.63
20.1517,476.91
20.4931,481.103
20.8345,485.191
21.1759,489.213
21.5173,493.155
21.8587,497.012
22.2001,500.802
22.5415,504.506
22.8829,508.151
23.2243,511.712
23.5657,515.218
23.9071,518.654
24.2485,522.019
24.5899,525.341
24.9313,528.574
25.2727,531.776
25.6141,534.878
25.9555,537.947
26.2969,540.936
26.6383,543.888
26.9797,546.769
27.3211,549.608
27.6625,552.383
28.0039,555.115
28.3453,557.787
28.6867,560.412
29.0281,562.988
29.3695,565.5
29.7109,567.968
30.0523,570.382
30.3937,572.745
30.7351,575.056
31.0765,577.304
31.4179,579.496
31.7593,581.618
32.1007,583.675
32.4421,585.646
32.7835,587.501
33.1249,589.229
33.4663,590.777
33.8077,592.223
34.1491,593.651
34.4905,595.063
34.8319,596.423
35.1733,597.757
35.5147,599.076
35.8561,600.356
36.1975,601.612
36.5389,602.849
36.8803,604.056
37.2217,605.225
37.5631,606.38
37.9045,607.52
38.2459,608.628
38.5873,609.702
38.9287,610.762
39.2701,611.808
39.6115,612.816
39.9529,613.807
40.2943,614.786
40.6357,615.747
40.9771,616.667
41.3185,617.571
41.6599,618.463
42.0013,619.344
42.3427,620.193
42.6841,621.024
43.0255,621.841
43.3669,622.641
43.7083,623.422
44.0497,624.165
44.3911,624.819
44.7325,625.465
45.0739,626.102
45.4153,626.712
45.7567,627.307
46.0981,627.889
46.4395,628.462
46.7809,629.01
47.1223,629.466
47.4637,629.864
47.8051,630.217
48.1465,630.532
48.4879,630.819
48.8293,631.084
49.1707,631.317
49.5121,631.528
49.8535,631.726
50.1949,631.912
50.5363,610.526
50.8777,607.859
51.2191,607.22
50.8756,604.571
50.5321,601.92
50.1886,599.267
49.8451,596.602
49.5015,593.913
49.158,591.222
48.8145,588.53
48.471,585.839
48.1275,583.147
47.784,580.449
47.4405,577.73
47.097,575.005
46.7534,572.283
46.4099,569.563
46.0664,566.843
45.7229,564.107
45.3794,561.37
45.0359,558.621
44.6924,555.878
44.3488,553.137
44.0053,550.382
43.6618,547.634
43.3183,544.883
42.9748,542.125
42.6313,539.365
42.2878,536.598
41.9443,533.838
41.6007,531.087
41.2572,528.323
40.9137,525.544
40.5702,522.774
40.2267,520.013
39.8832,517.262
39.5397,514.477
39.1961,511.696
38.8526,508.926
38.5091,506.169
38.1656,503.393
37.8221,500.606
37.4786,497.831
37.1351,495.065
36.7916,492.285
36.448,489.492
36.1045,486.713
35.761,483.931
35.4175,481.148
35.074,478.349
34.7305,475.558
34.387,472.756
34.0434,469.962
33.6999,467.154
33.3564,464.331
33.0129,461.522
32.6694,458.711
32.3259,455.923
31.9824,453.148
31.6389,450.356
31.2953,447.539
30.9518,444.736
30.6083,441.908
30.2648,439.063
29.9213,436.219
29.5778,433.35
29.2343,430.473
28.8907,427.574
28.5472,424.662
28.2037,421.722
27.8602,418.781
27.5167,415.801
27.1732,412.804
26.8297,409.794
26.4862,406.741
26.1426,403.694
25.7991,400.634
25.4556,397.585
25.1121,394.479
24.7686,391.36
24.4251,388.192
24.0816,384.998
23.738,381.763
23.3945,378.484
23.051,375.175
22.7075,371.806
22.364,368.398
22.0205,364.948
21.677,361.429
21.3335,357.883
20.9899,354.254
20.6464,350.578
20.3029,346.856
19.9594,343.089
19.6159,339.259
19.2724,335.353
18.9289,331.377
18.5853,327.323
18.2418,323.182
17.8983,318.953
17.5548,314.647
17.2113,310.251
16.8678,305.755
16.5243,301.15
16.1808,296.434
15.8372,291.61
15.4937,286.67
15.1502,281.61
14.8067,276.421
14.4632,271.1
14.1197,265.638
13.7762,260.031
13.4326,254.263
13.0891,248.337
12.7456,242.247
12.4021,235.987
12.0586,229.556
11.7151,222.946
11.3716,216.136
11.0281,209.123
10.6845,201.914
10.341,194.498
9.99752,186.857
9.654,178.994
9.31049,170.891
8.96698,162.566
8.62346,153.955
8.27995,145.075
7.93644,135.907
7.59292,126.427
7.24941,116.65
6.9059,106.579
6.56238,96.2718
6.21887,85.7259
5.87536,74.9241
5.53184,63.8588
5.18833,52.5574
4.84482,41.0485
4.5013,29.3459
4.15779,17.4529
3.81428,5.37883
3.47076,-6.88023
3.12725,-19.2837
2.78374,-31.8259
2.44022,-44.5565
2.09671,-57.4304
1.7532,-70.4035
1.40968,-83.4858
1.06617,-96.6755
0.722656,-109.948
0.379143,-123.299
0.0356293,-136.728
-0.307884,-150.221
-0.651397,-163.77
-0.994911,-177.361
-1.33842,-190.994
-1.68194,-204.661
-2.02545,-218.353
-2.36896,-232.08
-2.71248,-245.802
-3.05599,-259.535
-3.3995,-273.218
-3.74302,-286.878
-4.08653,-300.521
-4.43004,-314.037
-4.77356,-327.341
-5.11707,-340.469
-5.46058,-353.499
-5.8041,-366.27
-6.14761,-378.778
-6.49112,-391.043
-6.83464,-403.065
-7.17815,-414.849
-7.52166,-426.404
-7.86518,-437.728
-8.20869,-448.813
-8.5522,-459.664
-8.89572,-470.296
-9.23923,-480.695
-9.58274,-490.86
-9.92626,-500.786
-10.2698,-510.469
-10.6133,-519.899
-10.9568,-529.097
-11.3003,-538.056
-11.6438,-546.768
-11.9873,-555.235
-12.3309,-563.463
-12.6744,-571.449
-13.0179,-579.195
-13.3614,-586.703
-13.7049,-593.978
-14.0484,-601.024
-14.3919,-607.86
-14.7354,-614.498
-15.079,-620.944
-15.4225,-627.208
-15.766,-633.283
-16.1095,-639.19
-16.453,-644.917
-16.7965,-650.484
-17.14,-655.885
-17.4836,-661.136
-17.8271,-666.242
-18.1706,-671.198
-18.5141,-676.024
-18.8576,-680.72
-19.2011,-685.283
-19.5446,-689.715
-19.8881,-694.034
-20.2317,-698.241
-20.5752,-702.346
-20.9187,-706.332
-21.2622,-710.219
-21.6057,-714.014
-21.9492,-717.717
-22.2927,-721.316
-22.6363,-724.836
-22.9798,-728.28
-23.3233,-731.627
-23.6668,-734.905
-24.0103,-738.115
-24.3538,-741.227
-24.6973,-744.286
-25.0408,-747.273
-25.3844,-750.196
-25.7279,-753.055
-26.0714,-755.838
-26.4149,-758.584
-26.7584,-761.251
-27.1019,-763.869
-27.4454,-766.437
-27.789,-768.943
-28.1325,-771.401
-28.476,-773.812
-28.8195,-776.168
-29.163,-778.481
-29.5065,-780.744
-29.85,-782.964
-30.1935,-785.14
-30.5371,-787.275
-30.8806,-789.366
-31.2241,-791.421
-31.5676,-793.43
-31.9111,-795.416
-32.2546,-797.344
-32.5981,-799.26
-32.9417,-801.114
-33.2852,-802.958
-33.6287,-804.752
-33.9722,-806.522
-34.3157,-808.265
-34.6592,-809.96
-35.0027,-811.64
-35.3462,-813.283
-35.6898,-814.902
-36.0333,-816.494
-36.3768,-818.051
-36.7203,-819.589
-37.0638,-821.103
-37.4073,-822.585
-37.7508,-824.04
-38.0944,-825.474
-38.4379,-826.869
-38.7814,-828.172
-39.1249,-829.018
-39.4684,-829.694
-39.8119,-830.144
-40.1554,-830.559
-40.4989,-830.965
-40.8425,-831.365
-41.186,-831.758
-41.5295,-832.133
-41.873,-832.494
-42.2165,-832.841
-42.56,-833.183
-42.9035,-833.519
-43.2471,-833.838
-43.5906,-834.15
-43.9341,-834.455
-44.2776,-834.749
-44.6211,-835.034
-44.9646,-835.31
-45.3081,-835.572
-45.6516,-835.829
-45.9952,-836.08
-46.3387,-836.327
-46.6822,-836.568
-47.0257,-836.801
-47.3692,-837.014
-47.7127,-837.223
-48.0562,-820.749
-48.3998,-819.431
-48.7433,-818.109
-49.0868,-816.78
-49.4303,-815.443
-49.7738,-814.104
-50.1173,-812.763
-50.4608,-813.011
-50.8043,-811.64
-51.1479,-810.256
-51.4914,-808.862
-51.8349,-807.466
-51.4893,-806.453
-51.1438,-805.403
-50.7982,-804.342
-50.4527,-803.267
-50.1071,-802.193
-49.7616,-801.116
-49.416,-800.005
-49.0705,-798.875
-48.7249,-797.744
-48.3794,-796.614
-48.0338,-795.455
-47.6882,-794.266
-47.3427,-793.076
-46.9971,-791.888
-46.6516,-790.681
-46.306,-789.424
-45.9605,-788.173
-45.6149,-786.924
-45.2694,-785.653
-44.9238,-784.334
-44.5783,-783.015
-44.2327,-781.704
-43.8872,-780.354
-43.5416,-778.972
-43.1961,-777.591
-42.8505,-776.198
-42.5049,-774.769
-42.1594,-773.323
-41.8138,-771.867
-41.4683,-770.394
-41.1227,-768.881
-40.7772,-767.358
-40.4316,-765.82
-40.0861,-764.254
-39.7405,-762.656
-39.395,-761.049
-39.0494,-759.432
-38.7039,-757.751
-38.3583,-756.071
-38.0128,-754.387
-37.6672,-752.631
-37.3216,-750.872
-36.9761,-749.101
-36.6305,-747.277
-36.285,-745.434
-35.9394,-743.575
-35.5939,-741.675
-35.2483,-739.735
-34.9028,-737.797
-34.5572,-735.787
-34.2117,-733.769
-33.8661,-731.723
-33.5206,-729.621
-33.175,-727.495
-32.8295,-725.347
-32.4839,-723.13
-32.1383,-720.912
-31.7928,-718.626
-31.4472,-716.308
-31.1017,-713.97
-30.7561,-711.552
-30.4106,-709.12
-30.065,-706.628
-29.7195,-704.088
-29.3739,-701.526
-29.0284,-698.874
-28.6828,-696.2
-28.3373,-693.46
-27.9917,-690.671
-27.6462,-687.821
-27.3006,-684.911
-26.955,-681.956
-26.6095,-678.917
-26.2639,-675.841
-25.9184,-672.66
-25.5728,-669.438
-25.2273,-666.122
-24.8817,-662.749
-24.5362,-659.283
-24.1906,-655.75
-23.8451,-652.116
-23.4995,-648.412
-23.154,-644.6
-22.8084,-640.705
-22.4629,-636.692
-22.1173,-632.598
-21.7717,-628.378
-21.4262,-624.064
-21.0806,-619.608
-20.7351,-615.059
-20.3895,-610.362
-20.044,-605.549
-19.6984,-600.598
-19.3529,-595.503
-19.0073,-590.278
-18.6618,-584.894
-18.3162,-579.365
-17.9707,-573.678
-17.6251,-567.833
-17.2796,-561.83
-16.934,-555.639
-16.5884,-549.273
-16.2429,-542.707
-15.8973,-535.956
-15.5518,-529.021
-15.2062,-521.884
-14.8607,-514.572
-14.5151,-507.08
-14.1696,-499.4
-13.824,-491.549
-13.4785,-483.538
-13.1329,-475.359
-12.7874,-467.025
-12.4418,-458.554
-12.0963,-449.95
-11.7507,-441.197
-11.4051,-432.317
-11.0596,-423.321
-10.714,-414.209
-10.3685,-404.976
-10.0229,-395.629
-9.67738,-386.163
-9.33182,-376.578
-8.98627,-366.852
-8.64072,-356.981
-8.29516,-346.956
-7.94961,-336.769
-7.60406,-326.396
-7.2585,-315.9
-6.91295,-305.329
-6.5674,-294.67
-6.22184,-283.938
-5.87629,-273.101
-5.53074,-262.18
-5.18518,-251.146
-4.83963,-240.023
-4.49408,-228.821
-4.14852,-217.516
-3.80297,-206.128
-3.45742,-194.66
-3.11186,-183.097
-2.76631,-171.472
-2.42076,-159.778
-2.0752,-148.055
-1.72965,-136.295
-1.3841,-124.476
-1.03854,-112.542
-0.692991,-100.571
-0.347437,-88.546
-0.001884,-76.5018
0.343669,-64.4281
0.689223,-52.3404
1.03478,-40.229
1.38033,-28.1184
1.72588,-16.0681
2.07144,-4.05787
2.41699,7.95702
2.76254,19.9486
3.1081,31.9006
3.45365,43.8029
3.7992,55.6329
4.14476,67.3671
4.49031,79.0282
4.83586,90.5707
5.18142,101.973
5.52697,113.239
5.87252,124.352
6.21808,135.309
6.56363,146.074
6.90918,156.675
7.25474,167.038
7.60029,177.16
7.94584,187.054
8.2914,196.701
8.63695,206.165
8.9825,215.427
9.32806,224.442
9.67361,233.218
10.0192,241.772
10.3647,250.097
10.7103,258.195
11.0558,266.09
11.4014,273.782
11.7469,281.262
12.0925,288.551
12.438,295.661
12.7836,302.595
13.1291,309.354
13.4747,315.945
13.8202,322.365
14.1658,328.625
14.5114,334.733
14.8569,340.7
15.2025,346.526
15.548,352.222
15.8936,357.792
16.2391,363.24
16.5847,368.558
16.9302,373.751
17.2758,378.836
17.6213,383.815
17.9669,388.692
18.3124,393.45
18.658,398.115
19.0035,402.692
19.3491,407.16
19.6947,411.533
20.0402,415.831
20.3858,420.037
20.7313,424.157
21.0769,428.196
21.4224,432.14
21.768,436.027
22.1135,439.829
22.4591,443.555
22.8046,447.23
23.1502,450.816
23.4957,454.352
23.8413,457.809
24.1868,461.212
24.5324,464.542
24.878,467.833
25.2235,471.04
25.5691,474.223
25.9146,477.313
26.2602,480.384
26.6057,483.368
26.9513,486.332
27.2968,489.222
27.6424,492.081
27.9879,494.885
28.3335,497.645
28.679,500.362
29.0246,503.016
29.3701,505.637
29.7157,508.216
30.0613,510.743
30.4068,513.263
30.7524,515.698
31.0979,518.126
31.4435,520.512
31.789,522.847
32.1346,525.17
32.4801,527.441
32.8257,529.683
33.1712,531.896
33.5168,534.074
33.8623,536.224
34.2079,538.334
34.5534,540.427
34.899,542.481
35.2446,544.493
35.5901,546.488
35.9357,548.433
36.2812,550.35
36.6268,552.262
36.9723,554.133
37.3179,555.965
37.6634,557.793
38.009,559.606
38.3545,561.357
38.7001,563.101
39.0456,564.841
39.3912,566.539
39.7367,568.204
40.0823,569.865
40.4279,571.52
40.7734,573.116
41.119,574.699
41.4645,576.28
41.8101,577.845
42.1556,579.362
42.5012,580.866
42.8467,582.367
43.1923,583.851
43.5378,585.299
43.8834,586.726
44.2289,588.149
44.5745,589.56
44.92,590.945
45.2656,592.297
45.6112,593.644
45.9567,594.984
46.3023,596.294
46.6478,597.586
46.9934,598.852
47.3389,600.109
47.6845,601.336
48.03,602.531
48.3756,603.683
48.7211,604.742
49.0667,605.598
49.4122,604.599
49.7578,603.547
50.1033,604.019
50.4489,602.919
50.7945,601.796
51.14,600.652
51.4856,601.053
51.8311,599.86
52.1767,598.642
51.837,596.072
51.4973,593.498
51.1576,590.907
50.8179,588.314
50.4782,585.72
50.1385,583.124
49.7988,580.528
49.4591,577.912
49.1194,575.279
48.7797,572.647
48.44,570.015
48.1003,567.384
47.7606,564.753
47.4209,562.106
47.0812,559.446
46.7415,556.784
46.4018,554.125
46.0621,551.469
45.7224,548.797
45.3827,546.127
45.043,543.457
44.7033,540.776
44.3636,538.099
44.0239,535.408
43.6842,532.722
43.3445,530.043
43.0048,527.364
42.6651,524.666
42.3254,521.963
41.9857,519.286
41.646,516.62
41.3063,513.962
40.9666,511.275
40.6269,508.593
40.2872,505.923
39.9475,503.261
39.6078,500.588
39.2681,497.907
38.9284,495.232
38.5887,492.563
38.249,489.883
37.9093,487.216
37.5696,484.533
37.2299,481.851
36.8902,479.166
36.5505,476.492
36.2108,473.814
35.8711,471.111
35.5314,468.419
35.1917,465.739
34.852,463.045
34.5123,460.336
34.1726,457.641
33.8329,454.98
33.4932,452.293
33.1535,449.61
32.8138,446.924
32.4741,444.233
32.1344,441.524
31.7947,438.802
31.455,436.087
31.1153,433.353
30.7756,430.593
30.4359,427.845
30.0962,425.068
29.7565,422.271
29.4168,419.478
29.0771,416.65
28.7374,413.812
28.3977,410.954
28.058,408.077
27.7183,405.171
27.3786,402.262
27.0389,399.306
26.6992,396.337
26.3595,393.342
26.0198,390.313
25.6801,387.277
25.3404,384.184
25.0007,381.076
24.661,377.927
24.3213,374.74
23.9816,371.528
23.6419,368.271
23.3022,365.01
22.9625,361.693
22.6228,358.337
22.2831,354.936
21.9434,351.474
21.6037,347.964
21.264,344.406
20.9243,340.78
20.5846,337.092
20.2449,333.362
19.9052,329.542
19.5655,325.669
19.2258,321.729
18.8861,317.715
18.5464,313.637
18.2067,309.455
17.867,305.195
17.5273,300.86
17.1876,296.424
16.8479,291.897
16.5082,287.279
16.1685,282.564
15.8288,277.726
15.4891,272.784
15.1494,267.733
14.8097,262.568
14.47,257.283
14.1303,251.869
13.7906,246.323
13.4509,240.646
13.1112,234.825
12.7715,228.855
12.4318,222.723
12.0921,216.432
11.7524,209.978
11.4127,203.358
11.073,196.563
10.7333,189.577
10.3936,182.402
10.0539,175.041
9.71417,167.488
9.37447,159.708
9.03477,151.72
8.69507,143.524
8.35537,135.08
8.01567,126.417
7.67597,117.562
7.33627,108.562
6.99657,99.3663
6.65687,89.9876
6.31717,80.3979
5.97747,70.6113
5.63777,60.693
5.29807,50.6157
4.95837,40.4125
4.61867,30.0796
4.27897,19.6248
3.93927,9.03962
3.59957,-1.66076
3.25987,-12.4844
2.92017,-23.4089
2.58047,-34.4148
2.24077,-45.4938
1.90107,-56.6414
1.56137,-67.8337
1.22167,-79.0363
0.881969,-90.2487
0.542269,-101.519
0.202569,-112.829
-0.137131,-124.128
-0.476831,-135.401
-0.816531,-146.637
-1.15623,-157.837
-1.49593,-168.998
-1.83563,-180.095
-2.17533,-191.153
-2.51503,-202.083
-2.85473,-212.959
-3.19443,-223.796
-3.53413,-234.592
-3.87383,-245.316
-4.21353,-255.972
-4.55323,-266.525
-4.89293,-276.975
-5.23263,-287.318
-5.57233,-297.543
-5.91203,-307.657
-6.25173,-317.689
-6.59143,-327.597
-6.93113,-337.408
-7.27083,-347.128
-7.61053,-356.773
-7.95023,-366.32
-8.28993,-375.795
-8.62963,-385.171
-8.96933,-394.389
-9.30903,-403.471
-9.64873,-412.426
-9.98843,-421.234
-10.3281,-429.91
-10.6678,-438.461
-11.0075,-446.879
-11.3472,-455.163
-11.6869,-463.32
-12.0266,-471.35
-12.3663,-479.246
-12.706,-486.989
-13.0457,-494.597
-13.3854,-502.065
-13.7251,-509.383
-14.0648,-516.554
-14.4045,-523.558
-14.7442,-530.411
-15.0839,-537.116
-15.4236,-543.651
-15.7633,-550.023
-16.103,-556.245
-16.4427,-562.305
-16.7824,-568.199
-17.1221,-573.944
-17.4618,-579.526
-17.8015,-584.959
-18.1412,-590.246
-18.4809,-595.379
-18.8206,-600.382
-19.1603,-605.258
-19.5,-610.009
-19.8397,-614.646
-20.1794,-619.157
-20.5191,-623.571
-20.8588,-627.853
-21.1985,-632.044
-21.5382,-636.127
-21.8779,-640.114
-22.2176,-644.002
-22.5573,-647.792
-22.897,-651.501
-23.2367,-655.113
-23.5764,-658.654
-23.9161,-662.101
-24.2558,-665.484
-24.5955,-668.777
-24.9352,-672.013
-25.2749,-675.166
-25.6146,-678.264
-25.9543,-681.279
-26.294,-684.241
-26.6337,-687.137
-26.9734,-689.977
-27.3131,-692.768
-27.6528,-695.484
-27.9925,-698.165
-28.3322,-700.776
-28.6719,-703.354
-29.0116,-705.861
-29.3513,-708.339
-29.691,-710.764
-30.0307,-713.136
-30.3704,-715.493
-30.7101,-717.764
-31.0498,-720.025
-31.3895,-722.234
-31.7292,-724.4
-32.0689,-726.549
-32.4086,-728.637
-32.7483,-730.702
-33.088,-732.743
-33.4277,-734.726
-33.7674,-736.687
-34.1071,-738.632
-34.4468,-740.516
-34.7865,-742.386
-35.1262,-744.239
-35.4659,-746.032
-35.8056,-747.822
-36.1453,-749.583
-36.485,-751.3
-36.8247,-752.996
-37.1644,-754.683
-37.5041,-756.33
-37.8438,-757.944
-38.1835,-759.557
-38.5232,-761.137
-38.8629,-762.679
-39.2026,-764.221
-39.5423,-765.741
-39.882,-767.216
-40.2217,-768.688
-40.5614,-770.136
-40.9011,-771.569
-41.2408,-772.974
-41.5805,-774.355
-41.9202,-775.734
-42.2599,-777.093
-42.5996,-778.412
-42.9393,-779.725
-43.279,-781.038
-43.6187,-782.32
-43.9584,-783.57
-44.2981,-784.82
-44.6378,-786.067
-44.9775,-787.281
-45.3172,-788.467
-45.6569,-789.653
-45.9966,-790.83
-46.3363,-791.99
-46.676,-793.115
-47.0157,-794.236
-47.3554,-795.342
-47.6951,-796.433
-48.0348,-797.508
-48.3745,-798.549
-48.7142,-799.564
-49.0539,-800.538
-49.3936,-801.449
-49.7333,-802.218
-50.073,-801.121
-50.4127,-801.351
-50.7524,-800.065
-51.0921,-800.26
-50.6608,-798.897
-50.2295,-797.524
-49.7982,-796.131
-49.3668,-794.696
-48.9355,-793.259
-48.5042,-791.797
-48.0728,-790.313
-47.6415,-788.802
-47.2102,-787.265
-46.7789,-785.729
-46.3475,-784.14
-45.9162,-782.523
-45.4849,-780.906
-45.0536,-779.253
-44.6222,-777.555
-44.1909,-775.857
-43.7596,-774.121
-43.3283,-772.34
-42.8969,-770.56
-42.4656,-768.732
-42.0343,-766.863
-41.6029,-764.984
-41.1716,-763.062
-40.7403,-761.104
-40.309,-759.116
-39.8776,-757.095
-39.4463,-755.022
-39.015,-752.943
-38.5837,-750.789
-38.1523,-748.617
-37.721,-746.409
-37.2897,-744.138
-36.8584,-741.845
-36.427,-739.498
-35.9957,-737.099
-35.5644,-734.68
-35.133,-732.174
-34.7017,-729.655
-34.2704,-727.054
-33.8391,-724.416
-33.4077,-721.726
-32.9764,-718.968
-32.5451,-716.165
-32.1138,-713.288
-31.6824,-710.365
-31.2511,-707.349
-30.8198,-704.293
-30.3885,-701.145
-29.9571,-697.944
-29.5258,-694.642
-29.0945,-691.279
-28.6631,-687.822
-28.2318,-684.29
-27.8005,-680.665
-27.3692,-676.947
-26.9378,-673.14
-26.5065,-669.219
-26.0752,-665.217
-25.6439,-661.077
-25.2125,-656.841
-24.7812,-652.473
-24.3499,-647.982
-23.9186,-643.382
-23.4872,-638.605
-23.0559,-633.71
-22.6246,-628.656
-22.1932,-623.44
-21.7619,-618.065
-21.3306,-612.512
-20.8993,-606.777
-20.4679,-600.862
-20.0366,-594.742
-19.6053,-588.426
-19.174,-581.903
-18.7426,-575.135
-18.3113,-568.119
-17.88,-560.859
-17.4487,-553.346
-17.0173,-545.556
-16.586,-537.515
-16.1547,-529.222
-15.7233,-520.667
-15.292,-511.851
-14.8607,-502.794
-14.4294,-493.502
-13.998,-483.984
-13.5667,-474.245
-13.1354,-464.29
-12.7041,-454.144
-12.2727,-443.811
-11.8414,-433.291
-11.4101,-422.6
-10.9788,-411.737
-10.5474,-400.722
-10.1161,-389.549
-9.68477,-378.185
-9.25344,-366.624
-8.82212,-354.856
-8.39079,-342.881
-7.95946,-330.704
-7.52814,-318.312
-7.09681,-305.779
-6.66548,-293.111
-6.23416,-280.304
-5.80283,-267.346
-5.3715,-254.268
-4.94018,-241.033
-4.50885,-227.668
-4.07752,-214.155
-3.6462,-200.535
-3.21487,-186.786
-2.78354,-172.933
-2.35222,-158.993
-1.92089,-144.989
-1.48956,-130.948
-1.05824,-116.815
-0.626911,-102.585
-0.195584,-88.3033
0.235743,-73.9883
0.667069,-59.6555
1.0984,-45.3197
1.52972,-30.9725
1.96105,-16.7299
2.39238,-2.62615
2.8237,11.4001
3.25503,25.3456
3.68636,39.174
4.11768,52.8765
4.54901,66.4196
4.98034,79.823
5.41166,93.0665
5.84299,106.151
6.27432,119.063
6.70564,131.792
7.13697,144.301
7.5683,156.539
7.99962,168.516
8.43095,180.17
8.86228,191.507
9.2936,202.531
9.72493,213.286
10.1563,223.776
10.5876,233.971
11.0189,243.843
11.4502,253.442
11.8816,262.751
12.3129,271.778
12.7442,280.539
13.1755,289.055
13.6069,297.319
14.0382,305.355
14.4695,313.151
14.9008,320.725
15.3322,328.084
15.7635,335.224
16.1948,342.172
16.6262,348.921
17.0575,355.48
17.4888,361.869
17.9201,368.098
18.3515,374.171
18.7828,380.083
19.2141,385.838
19.6454,391.453
20.0768,396.934
20.5081,402.277
20.9394,407.483
21.3707,412.569
21.8021,417.538
22.2334,422.369
22.6647,427.096
23.0961,431.72
23.5274,436.222
23.9587,440.636
24.39,444.947
24.8214,449.155
25.2527,453.281
25.684,457.3
26.1153,461.263
26.5467,465.11
26.978,468.894
27.4093,472.585
27.8406,476.22
28.272,479.753
28.7033,483.246
29.1346,486.637
29.566,489.987
29.9973,493.251
30.4286,496.457
30.8599,499.598
31.2913,502.679
31.7226,505.707
32.1539,508.667
32.5852,511.593
33.0166,514.433
33.4479,517.242
33.8792,519.992
34.3105,522.688
34.7419,525.354
35.1732,527.949
35.6045,530.505
36.0359,533.036
36.4672,535.477
36.8985,537.896
37.3298,540.256
37.7612,542.564
38.1925,544.86
38.6238,547.084
39.0551,549.28
39.4865,551.449
39.9178,553.566
40.3491,555.655
40.7804,557.707
41.2118,559.727
41.6431,561.712
42.0744,563.656
42.5058,565.589
42.9371,567.474
43.3684,569.321
43.7997,571.159
44.2311,572.931
44.6624,574.651
45.0937,576.358
45.525,578.056
45.9564,579.688
46.3877,581.298
46.819,582.9
47.2503,584.482
47.6817,585.996
48.113,587.503
48.5443,589.003
48.9757,590.464
49.407,591.871
49.8383,593.26
50.2696,594.609
50.701,595.809
51.1323,594.983
51.5636,593.914
51.9949,594.287
52.4263,593.139
52.8576,591.933
53.2889,590.684
53.7202,589.391
54.1516,589.617
54.5829,588.257
55.0142,586.858
55.4456,585.415
55.8769,583.916
56.3082,582.364
56.7395,580.763
57.1709,579.111
57.6022,579.097
58.0335,577.353
58.4648,575.547
58.8962,573.656
59.3275,571.613
59.7588,569.493
60.1901,186.458
60.6215,185.345
61.0528,179.756
61.4841,178.675
61.9155,177.606
62.3468,176.546
62.7781,175.496
63.2094,174.455
63.6408,169.234
64.0721,168.222
64.5034,167.218
64.9347,166.224
64.5049,162.494
64.075,158.754
63.6452,155.005
63.2153,151.24
62.7854,147.468
62.3556,143.687
61.9257,139.892
61.4959,136.093
61.066,132.279
60.6361,128.46
60.2063,124.636
59.7764,120.803
59.3466,116.965
58.9167,113.119
58.4868,109.27
58.057,105.409
57.6271,101.547
57.1973,97.6744
56.7674,93.7995
56.3375,89.9167
55.9077,86.0287
55.4778,82.1245
55.048,78.2125
54.6181,74.3008
54.1882,70.3774
53.7584,66.4543
53.3285,62.5257
52.8987,58.5928
52.4688,54.6623
52.0389,50.7225
51.6091,46.7832
51.1792,42.8405
50.7494,38.8941
50.3195,34.9485
49.8896,30.9926
49.4598,27.0314
49.0299,23.0658
48.6001,19.0882
48.1702,15.1128
47.7403,11.1271
47.3105,7.1278
46.8806,3.13299
46.4508,-0.872596
46.0209,-4.8779
45.591,-8.88533
45.1612,-12.8955
44.7313,-16.9062
44.3015,-20.9252
43.8716,-24.9392
43.4417,-28.9572
43.0119,-32.9812
42.582,-37.0033
42.1522,-41.0303
41.7223,-45.0584
41.2924,-49.0913
40.8626,-53.1371
40.4327,-57.1864
40.0029,-61.242
39.573,-65.2986
39.1431,-69.3558
38.7133,-73.4158
38.2834,-77.4772
37.8536,-81.5455
37.4237,-85.6091
36.9938,-89.6782
36.564,-93.7514
36.1341,-97.8222
35.7043,-101.9
35.2744,-105.993
34.8445,-110.089
34.4147,-114.188
33.9848,-118.282
33.555,-122.381
33.1251,-126.483
32.6952,-130.584
32.2654,-134.577
31.8355,-138.16
31.4057,-141.342
30.9758,-144.146
30.5459,-146.589
30.1161,-148.681
29.6862,-150.434
29.2564,-151.879
28.8265,-153.018
28.3966,-153.879
27.9668,-154.475
27.5369,-154.819
27.1071,-155.103
26.6772,-155.388
26.2473,-155.673
25.8175,-155.957
25.3876,-156.241
24.9578,-156.526
24.5279,-156.81
24.098,-157.117
23.6682,-157.431
23.2383,-157.746
22.8085,-158.061
22.3786,-158.375
21.9487,-158.69
21.5189,-159.034
21.089,-159.385
20.6592,-159.735
20.2293,-160.083
19.7994,-160.432
19.3696,-160.817
18.9397,-161.209
18.5099,-161.6
18.08,-161.991
17.6501,-162.415
17.2203,-162.855
16.7904,-163.296
16.3606,-163.736
15.9307,-164.23
15.5008,-164.725
15.071,-165.219
14.6411,-165.77
14.2113,-166.329
13.7814,-166.896
13.3515,-167.523
12.9217,-168.15
12.4918,-168.831
12.062,-169.538
11.6321,-170.288
11.2022,-171.081
10.7724,-171.923
10.3425,-172.813
9.91266,-173.781
9.4828,-174.786
9.05294,-175.894
8.62308,-177.079
8.19322,-178.344
7.76336,-179.704
7.3335,-181.206
6.90364,-182.833
6.47378,-184.602
6.04392,-186.535
5.61406,-188.645
5.1842,-190.962
4.75434,-193.53
4.32448,-196.347
3.89462,-199.427
3.46476,-202.862
3.0349,-206.607
2.60504,-210.76
2.17518,-215.301
1.74532,-220.24
1.31546,-225.623
0.885603,-231.484
0.455743,-237.822
0.0258827,-244.67
-0.403977,-252.035
-0.833837,-259.882
-1.2637,-268.186
-1.69356,-276.876
-2.12342,-285.981
-2.55328,-295.352
-2.98314,-304.946
-3.413,-314.676
-3.84286,-324.542
-4.27272,-334.542
-4.70258,-344.672
-5.13244,-354.866
-5.5623,-365.084
-5.99216,-375.288
-6.42202,-385.466
-6.85188,-395.544
-7.28174,-405.532
-7.7116,-415.401
-8.14146,-425.098
-8.57132,-434.641
-9.00118,-443.97
-9.43104,-453.086
-9.8609,-461.976
-10.2908,-470.641
-10.7206,-479.041
-11.1505,-487.201
-11.5803,-495.163
-12.0102,-502.858
-12.4401,-510.327
-12.8699,-517.599
-13.2998,-524.657
-13.7296,-531.522
-14.1595,-538.211
-14.5894,-544.754
-15.0192,-551.144
-15.4491,-557.385
-15.8789,-563.496
-16.3088,-569.496
-16.7387,-575.351
-17.1685,-581.109
-17.5984,-586.779
-18.0282,-592.318
-18.4581,-597.776
-18.888,-603.141
-19.3178,-608.393
-19.7477,-613.574
-20.1775,-618.647
-20.6074,-623.646
-21.0373,-628.532
-21.4671,-633.334
-21.897,-638.052
-22.3268,-642.647
-22.7567,-647.126
-23.1866,-651.503
-23.6164,-655.745
-24.0463,-659.886
-24.4761,-663.915
-24.906,-667.825
-25.3359,-671.649
-25.7657,-675.351
-26.1956,-678.974
-26.6254,-682.494
-27.0553,-685.933
-27.4852,-689.282
-27.915,-692.55
-28.3449,-695.741
-28.7747,-698.856
-29.2046,-701.893
-29.6345,-704.862
-30.0643,-707.767
-30.4942,-710.617
-30.924,-713.39
-31.3539,-716.117
-31.7838,-718.771
-32.2136,-721.394
-32.6435,-723.93
-33.0733,-726.439
-33.5032,-728.893
-33.9331,-731.287
-34.3629,-733.666
-34.7928,-735.955
-35.2226,-738.23
-35.6525,-740.455
-36.0824,-742.63
-36.5122,-744.787
-36.9421,-746.881
-37.3719,-748.948
-37.8018,-750.991
-38.2317,-752.973
-38.6615,-754.932
-39.0914,-756.875
-39.5212,-758.756
-39.9511,-760.614
-40.381,-762.47
-40.8108,-764.248
-41.2407,-766.025
-41.6705,-767.779
-42.1004,-769.485
-42.5303,-771.175
-42.9601,-772.839
-43.39,-774.483
-43.8198,-776.084
-44.2497,-777.67
-44.6796,-779.256
-45.1094,-780.778
-45.5393,-782.288
-45.9691,-783.798
-46.399,-785.276
-46.8289,-786.712
-47.2587,-788.147
-47.6886,-789.564
-48.1184,-790.956
-48.5483,-792.318
-48.9782,-793.668
-49.408,-794.998
-49.8379,-796.306
-50.2677,-797.527
-50.6976,-796.681
-51.1275,-795.484
-51.5573,-794.24
-51.9872,-794.444
-52.417,-793.137
-52.8469,-791.795
-53.2768,-791.914
-53.7066,-790.514
-54.1365,-789.086
-54.5663,-787.625
-54.9962,-787.664
-55.4261,-786.146
-55.8559,-784.595
-56.2858,-783.01
-56.7156,-782.949
-57.1455,-781.301
-57.5754,-779.609
-58.0052,-777.877
-58.4351,-777.729
-58.8649,-775.927
-59.2948,-774.084
-59.7247,-772.187
-60.1545,-771.927
-60.5844,-415.533
-61.0142,-410.392
-61.4441,-409.511
-61.874,-408.638
-62.3038,-403.58
-62.7337,-402.712
-63.1635,-401.853
-63.5934,-396.781
-64.0233,-395.925
-64.4531,-395.076
-64.883,-389.868
-64.4475,-387.884
-64.012,-387.106
-63.5766,-385.264
-63.1411,-383.476
-62.7056,-381.702
-62.2701,-379.847
-61.8347,-378.07
-61.3992,-376.311
-60.9637,-377.604
-60.5282,-376.005
-60.0928,-374.33
-59.6573,-372.665
-59.2218,-371.033
-58.7864,-369.413
-58.3509,-367.855
-57.9154,-366.422
-57.4799,-368.238
-57.0445,-366.78
-56.609,-365.364
-56.1735,-363.985
-55.738,-362.639
-55.3026,-361.257
-55.728,-363.337
-56.1534,-365.409
-56.5788,-367.433
-57.0042,-369.32
-57.4296,-370.944
-57.855,-371.919
-58.2804,-371.43
-58.7058,-370.818
-58.0744,-368.303
